{"features":[{"geometry":{"coordinates":[[14.29369166359,48.2748675646],[14.29334968194,48.27486131652],[14.29301977023,48.27484792778],[14.29268047079,48.27481400961],[14.29252624378,48.27479169502],[14.29245918855,48.27475688424],[14.29239213333,48.27466316278]],"type":"LineString"},"properties":{"Aktualisiert":"2022-12-20T23:42:42.703+0100","Fahrtrichtung":"West","Fotos":[],"HomepageArtikel":"","Id":"LUECKE-1","Lage":"Hatschekstraße","Problem":"Auf der Radwegverbindung Hanuschstraße (von Unionstraße kommend) Richtung Bindermichl ist auf einer Straßenseite ein kurze Radweg-Lücke, wegen der auf die Fahrbahn gewechselt werden muss.","Titel":"Hatschekstraße: Hanuschstraße - Am Bindermichl","Typ":"Lücke","Vorschlag":"Lücke baulich durch Radweg schließen.","bis":"Am Bindermichl","von":"Hanuschstraße"},"type":"Feature"},{"geometry":{"coordinates":[[14.293009,48.341896],[14.293009,48.341896],[14.292612,48.341411],[14.292612,48.341411],[14.292322,48.340905],[14.292322,48.340905],[14.292194,48.340505],[14.292194,48.340505],[14.292161,48.340027],[14.292161,48.340027],[14.292237,48.339599],[14.292237,48.339599],[14.292505,48.339079],[14.292505,48.339079],[14.293073,48.338102],[14.293073,48.338102],[14.293234,48.337624],[14.293234,48.337624],[14.293084,48.336083],[14.293084,48.336083]],"type":"LineString"},"properties":{"Aktualisiert":"2023-01-03T23:55:30.326+0100","Fahrtrichtung":"beide","Fotos":["LUECKE-100-0.jpg","LUECKE-100-1.jpg","LUECKE-100-2.jpg","LUECKE-100-3.jpg"],"HomepageArtikel":"https://www.radlobby.at/linz/b126-mini-radstreifen","Id":"LUECKE-100","Lage":"Leonfeldner Straße (B126)","Problem":"An der Leonfeldner Straße (B126) nördlich von Gründberg fehlt sichere und ausreichend dimensionierte Radinfrastruktur. Die Radfahrstreifen sind viel zu schmal, dadurch kann kein ausreichender Überholabstand eingehalten werden. Aufgrund des hohen LKW-Anteils kann dies lebensgefährlich sein. Streckenweise Dooring-Gefahr.","Titel":"Leonfeldner Straße: Haselbachstraße bis Klausenweg","Typ":"Lücke","Vorschlag":"Baulich getrennter Radweg oder kombinierter Geh- und Radweg, Tempo 30","bis":"Klausenweg","von":"Haselbachstraße"},"type":"Feature"},{"geometry":{"coordinates":[[14.289868,48.332153],[14.290633,48.332961],[14.290633,48.332961],[14.290735,48.33307],[14.290735,48.33307]],"type":"LineString"},"properties":{"Aktualisiert":"2023-01-08T02:12:30.629+0100","Fahrtrichtung":"Norden","Fotos":[],"HomepageArtikel":"","Id":"LUECKE-101","Lage":"Leonfeldner Straße","Problem":"Radstreifen (B126) bzw. Radroute über Nebenfahrbahn endet kurz vor Gründbergkreuzung (von Süden nach Norden)","Titel":"Leonfeldner Straße: Südlich Gründberg-Kreuzung","Typ":"Lücke","Vorschlag":"","bis":"Gründberg-Kreuzung","von":"Straßenbahnhalte-Stelle"},"type":"Feature"},{"geometry":{"coordinates":[[14.290777,48.333109],[14.290777,48.333109],[14.291239,48.333605],[14.291239,48.333605],[14.292596,48.33504],[14.292596,48.33504]],"type":"LineString"},"properties":{"Aktualisiert":"2023-01-03T15:57:22.413+0100","Fahrtrichtung":"Norden","Fotos":["LUECKE-102-0.jpg","LUECKE-102-1.jpg"],"HomepageArtikel":"https://www.radlobby.at/linz/b126-mini-radstreifen","Id":"LUECKE-102","Lage":"Leonfeldner Straße (B126)","Problem":"Trotz großzügig dimensionierter Fahrbahnbreiten und Parkstreifen gibt es keine Radinfrastruktur","Titel":"Leonfeldner Straße: Gründberg-Kreuzung bis Millsteigerstraße","Typ":"Lücke","Vorschlag":"Errichtung baulich getrennter Radinfrastruktur. Auflassung Parkstreifen.","bis":"Millsteigerstraße","von":"Gründberg-Kreuzung"},"type":"Feature"},{"geometry":{"coordinates":[[14.324321,48.332852],[14.324573,48.333081],[14.325378,48.333687],[14.325456,48.334028],[14.325346,48.334156]],"type":"LineString"},"properties":{"Aktualisiert":"2023-01-07T19:19:50.905+0100","Fahrtrichtung":"Beide","Fotos":["LUECKE-103-0.jpg","LUECKE-103-1.jpg","LUECKE-103-2.jpg"],"HomepageArtikel":"https://s4f.jku.at/bicyclesupportjku","Id":"LUECKE-103","Lage":"Johannes Kepler Universität (Science Park)","Problem":"Es gibt eine Radroute entlang der Julius-Raab-Straße zum Aubrunnerweg (Auhofschule). Der unmittelbar nördlich gelegenen Campus (Science Park 4) kann nur über Wiese / Dammkrone über unbefestigte Wege erreicht werden.","Titel":"JKU (Osten): Aubrunnerweg - Science Park","Typ":"Lücke","Vorschlag":"Errichung von radfahrtauglichen Verbindungswegen zum Campus. Abgleich mit JKU / Initiative 'Radfahren an der JKU' notwendig.","bis":"Science Park 4","von":"Aubrunnerweg (Auhofschule)"},"type":"Feature"},{"geometry":{"coordinates":[[14.285177,48.304216],[14.285177,48.304216],[14.285367,48.304009],[14.285367,48.304009],[14.285523,48.303833],[14.285523,48.303833],[14.285767,48.303554],[14.285767,48.303554]],"type":"LineString"},"properties":{"Aktualisiert":"2023-01-07T21:25:49.471+0100","Fahrtrichtung":"beide","Fotos":["LUECKE-105-0.jpg","LUECKE-105-1.jpg","LUECKE-105-2.jpg"],"HomepageArtikel":"","Id":"LUECKE-105","Lage":"Altstadt: Landhausdurchfahrt","Problem":"Die Durchfahrt durch das Landhaus ist für RadfahrerInnen eine wichtige Nord-Süd-Verbindung in der Innenstadt, die sogar als Radroute beschildert ist. Radfahren ist jedoch nicht erlaubt.","Titel":"Landhausdurchfahrt","Typ":"Lücke","Vorschlag":"Öffnung für RadfahrerInnen im Schritttempo","bis":"Promenade","von":"Landhausplatz"},"type":"Feature"},{"geometry":{"coordinates":[[14.293025,48.341912],[14.293025,48.341912],[14.293371,48.342366],[14.293371,48.342366],[14.293661,48.342848],[14.293661,48.342848],[14.293857,48.343361],[14.293857,48.343361],[14.293918,48.344008],[14.293918,48.344008],[14.293932,48.344821],[14.293932,48.344821],[14.293873,48.345181],[14.293873,48.345181],[14.293779,48.345709],[14.293779,48.345709],[14.29361,48.34616],[14.29361,48.34616],[14.293339,48.346645],[14.293339,48.346645],[14.293025,48.347117],[14.293025,48.347117],[14.292757,48.347583],[14.292757,48.347583],[14.292658,48.347791],[14.292658,48.347791],[14.29251,48.348267],[14.29251,48.348267],[14.292298,48.348948],[14.292298,48.348948],[14.291684,48.351125],[14.291684,48.351125],[14.291601,48.351479],[14.291601,48.351479],[14.291488,48.351741],[14.291309,48.351994],[14.291309,48.351994],[14.291062,48.35236],[14.291062,48.35236],[14.290973,48.352633],[14.290973,48.352633],[14.290946,48.3529],[14.290946,48.3529],[14.290952,48.353394],[14.290952,48.353394],[14.290952,48.353791],[14.290952,48.353791],[14.290831,48.354283],[14.290831,48.354283],[14.290759,48.354796],[14.290759,48.354796],[14.29074,48.355408],[14.29074,48.355408],[14.290633,48.355926],[14.290633,48.355926],[14.290431,48.356543],[14.290431,48.356543],[14.290209,48.357096],[14.290209,48.357096],[14.290185,48.357317],[14.290185,48.357317],[14.290386,48.360056],[14.290386,48.360056],[14.290541,48.361988],[14.290541,48.361988],[14.290659,48.363321],[14.290659,48.363321],[14.291169,48.364165],[14.291169,48.364165],[14.291405,48.365003],[14.291405,48.365003],[14.291829,48.365905],[14.291829,48.365905],[14.29222,48.366945],[14.29222,48.366945],[14.292322,48.367569],[14.292322,48.367569],[14.292258,48.368403],[14.292258,48.368403],[14.291775,48.369116],[14.291775,48.369116],[14.291496,48.370128],[14.291496,48.370128],[14.291448,48.370744],[14.291448,48.370744],[14.291732,48.371721],[14.291732,48.371721],[14.291711,48.372077],[14.291711,48.372077],[14.291453,48.372622],[14.291453,48.372622],[14.291325,48.372957],[14.291325,48.372957],[14.291298,48.374258],[14.291298,48.374258],[14.291604,48.375078],[14.291604,48.375078]],"type":"LineString"},"properties":{"Aktualisiert":"2023-01-02T20:34:02.993+0100","Fahrtrichtung":"beide","Fotos":[],"HomepageArtikel":"https://www.radlobby.at/oberoesterreich/radhauptrouten-grossraum-linz","Id":"LUECKE-106","Lage":"Leonfeldner Straße (B126)","Problem":"","Titel":"Leonfeldner Straße: Radhauptroute B126","Typ":"Lücke","Vorschlag":"Radhauptroute OÖ","bis":"Speichmühle","von":"Winklerbrücke"},"type":"Feature"},{"geometry":{"coordinates":[[14.300106,48.31358],[14.300106,48.31358],[14.299733,48.313741],[14.299733,48.313741],[14.300629,48.314676],[14.300629,48.314676]],"type":"LineString"},"properties":{"Aktualisiert":"2023-03-22T21:12:33.380+0100","Fahrtrichtung":"Nord/Ost","Fotos":["LUECKE-107-0.jpg","LUECKE-107-1.jpg","LUECKE-107-2.jpg","LUECKE-107-3.jpg"],"HomepageArtikel":"","Id":"LUECKE-107","Lage":"Untere Donaulände","Problem":"Aus der Holzstraße kommend müssen sich RadfahrerInnen auf der mittleren Fahrspur einordnen und vor der Ampel im Kfz-Verkehr warten, um die Untere Donaulände zu queren und dann nordseitig in Richtung Straßerau zu fahren. Dies ist gefährlich. Eine sichere Route wäre ein kombinierter Geh- und Radweg auf der Südseite der Unteren Donaulände.","Titel":"Untere Donaulände: Holzstraße bis Straßerau","Typ":"Lücke","Vorschlag":"Beginnend in der Holzstraße kombinierten Geh- und Radweg zur ampellosen Fahrt bis Straßerau","bis":"Straßerau","von":"Holzstraße "},"type":"Feature"},{"geometry":{"coordinates":[[14.321033,48.334607],[14.321033,48.334607],[14.320389,48.335064],[14.320389,48.335064],[14.320883,48.335606],[14.320883,48.335606],[14.320818,48.335841],[14.320818,48.335841]],"type":"LineString"},"properties":{"Aktualisiert":"2023-01-05T13:55:28.574+0100","Fahrtrichtung":"beide","Fotos":["LUECKE-108-0.jpg"],"HomepageArtikel":"https://s4f.jku.at/bicyclesupportjku","Id":"LUECKE-108","Lage":"Johannes Kepler Universität (Endhaltestelle Straßenbahn)","Problem":"Der Radweg von Süden / Schumpeterstraße endet beim Schulzentrum Auhof. Es gibt keine schlüssigen Verbindungen zum Campus, weder über die Altenberger Straße noch zwischen den Häusern am Aubrunnerweg.","Titel":"JKU: Verbindung Umkehrschleife Straßenbahn - Campus","Typ":"Lücke","Vorschlag":"Herstellung von schlüssigen Radrouten zum Campus. Abgleich mit JKU / Initiative 'Radfahren an der JKU' notwendig.","bis":"Campus","von":"Endhaltestelle Straßenbahn JKU"},"type":"Feature"},{"geometry":{"coordinates":[[14.335238,48.336148],[14.335238,48.336148],[14.335066,48.336283],[14.335066,48.336283],[14.334776,48.336176],[14.334776,48.336176],[14.334122,48.33634],[14.334122,48.33634],[14.333189,48.337538],[14.333189,48.337538],[14.332952,48.337603],[14.332952,48.337603],[14.332491,48.337631],[14.332491,48.337631],[14.330828,48.337524],[14.330828,48.337524],[14.329262,48.337367],[14.329262,48.337367]],"type":"LineString"},"properties":{"Aktualisiert":"2023-01-05T14:27:57.823+0100","Fahrtrichtung":"beide","Fotos":["LUECKE-109-0.jpg","LUECKE-109-1.jpg","LUECKE-109-2.jpg","LUECKE-109-3.jpg","LUECKE-109-4.jpg"],"HomepageArtikel":"https://www.radlobby.at/oberoesterreich/neubau-a7-anschluss-fussgaengerinnen-und-radverkehr-kommen-unter-die-raeder","Id":"LUECKE-109","Lage":"A7-Anschlussstelle Dornach-Auhof","Problem":"Die neue A7-Autobahnanschlussstelle wird FußgängerInnen und Radfahrende auf steile und lange Umwege drängen.  Die bestehende Unterführung Koglerweg wird auf Autobahnstandard ausgebaut. Radfahrende müssen sich dann mit prognostizierten 18.000 Kfz täglich im Mischverkehr bewegen.","Titel":"Fehlender Radweg wegen Neubau A7-Anschlussstelle Dornach-Auhof","Typ":"Lücke","Vorschlag":"Neue direkte Geh- und Radwegröhre unter der Autobahn","bis":"Freistädter Straße (B125)","von":"Altenberger Straße / Koglerweg"},"type":"Feature"},{"geometry":{"coordinates":[[14.283214,48.323586],[14.283214,48.323586],[14.283782,48.325184],[14.283782,48.325184],[14.283568,48.32542],[14.283568,48.32542]],"type":"LineString"},"properties":{"Aktualisiert":"2023-01-08T00:56:14.117+0100","Fahrtrichtung":"Norden","Fotos":["LUECKE-110-0.jpg","LUECKE-110-1.jpg","LUECKE-110-2.jpg"],"HomepageArtikel":"","Id":"LUECKE-110","Lage":"Leonfeldner Straße","Problem":"Von der Linken Brückenstraße aus kann Richtung Norden das gesamte Gebiet westlich der Leonfeldner Straße nur gefährlich über die Harbachkreuzung oder mit umständlichen Umwegen erreicht werden. Der Radweg westlich der Leonfeldner Straße ist nur ein Einrichtungsradweg.","Titel":"Leonfeldner Straße: Weigunystraße - Hauserstraße","Typ":"Lücke","Vorschlag":"Von Kreuzung Linke Brückenstraße / Weigunystraße Zweirichtungsradweg Richtung Norden errichten.","bis":"Hauserstraße","von":"Weigunystraße"},"type":"Feature"},{"geometry":{"coordinates":[[14.302947,48.326731],[14.302947,48.326731],[14.302762,48.326649],[14.302762,48.326649],[14.302622,48.32657],[14.302622,48.32657],[14.302477,48.326483],[14.302477,48.326483]],"type":"LineString"},"properties":{"Aktualisiert":"2023-01-08T02:10:27.868+0100","Fahrtrichtung":"Westen","Fotos":["LUECKE-111-0.jpg","LUECKE-111-1.jpg"],"HomepageArtikel":"https://www.radlobby.at/linz/hoellmuehlbach","Id":"LUECKE-111","Lage":"Freistädter Straße Gasthaus Auerhahn","Problem":"Um auf der Südseite der Freistädter Straße bis zur Unterführung Höllmühlbach fahren zu können, fehlen hier wenige Meter Zweirichtungsradweg.","Titel":"Fehlender Zweirichtungsradweg","Typ":"Lücke","Vorschlag":"Zweirichtungsradweg bis Hauchlhamer Straße verordnen","bis":"Hauchlhamer Weg","von":"Brücke Höllmühlbach"},"type":"Feature"},{"geometry":{"coordinates":[[14.303987,48.325782],[14.303987,48.325782],[14.304138,48.325798],[14.304138,48.325798],[14.304548,48.325509],[14.304548,48.325509],[14.304518,48.325422],[14.304518,48.325422],[14.304143,48.325311],[14.304143,48.325311],[14.303724,48.325233],[14.303724,48.325233]],"type":"LineString"},"properties":{"Aktualisiert":"2023-01-08T02:10:27.915+0100","Fahrtrichtung":"Beide","Fotos":["LUECKE-112-0.jpg","LUECKE-112-1.jpg","LUECKE-112-2.jpg"],"HomepageArtikel":"https://www.radlobby.at/linz/hoellmuehlbach","Id":"LUECKE-112","Lage":"A7-Unterführung Höllmühlbach","Problem":"Die Unterführung Höllmühlbach (hinter Gasthaus Auerhahn) hat derzeit nur einen Zugang per Stiege.","Titel":"Unterführung Höllmühlbach nicht barrierefrei","Typ":"Lücke","Vorschlag":"Barrierefrei umbauen","bis":"Donauradweg","von":"Hauchlhamer Weg"},"type":"Feature"},{"geometry":{"coordinates":[[14.284158,48.306605],[14.284158,48.306605],[14.284565,48.306614],[14.284565,48.306614],[14.285113,48.306728],[14.285113,48.306728],[14.285263,48.306725],[14.285263,48.306725],[14.285563,48.306816],[14.285563,48.306816],[14.285665,48.306858],[14.285665,48.306858]],"type":"LineString"},"properties":{"Aktualisiert":"2023-01-18T23:26:25.375+0100","Fahrtrichtung":"Beide","Fotos":["LUECKE-113-0.jpg","LUECKE-113-1.jpg","LUECKE-113-2.jpg","LUECKE-113-3.jpg"],"HomepageArtikel":"https://www.radlobby.at/linz/nibelungenbruecke","Id":"LUECKE-113","Lage":"Nibelungenbrücke","Problem":"Es gibt hier nur einen zu schmalen, gefährlichen Radfahrstreifen auf der Fahrbahn (teilweise direkt neben einer Steinmauer) zur Abfahrt von der Brücke.","Titel":"Fehlende Auffahrt, zu schmale Abfahrt Nibelungenbrücke (Westen)","Typ":"Lücke","Vorschlag":"Schaffung von komfortabler und sicherer Radinfrastruktur in beide Richtungen (baulich getrennt)","bis":"Nibelungenbrücke","von":"Obere Donaulände"},"type":"Feature"},{"geometry":{"coordinates":[[14.28133606642,48.29920963158],[14.28184300393,48.29900265068],[14.28230166167,48.29885098311]],"type":"LineString"},"properties":{"Aktualisiert":"2022-12-20T23:58:42.154+0100","Fahrtrichtung":"Beide Richtungen","Fotos":[],"HomepageArtikel":"","Id":"LUECKE-12","Lage":"Limonigasse","Problem":"Radfahrer können derzeit nicht über Limonigasse ausweichen/abkürzen, sondern müssen über vielbefahrene Kapuzinerstraße und Hopfengasse fahren.","Titel":"Limonigasse: Kapuzinerstr. - Rosseggerstr.","Typ":"Lücke","Vorschlag":"Den Gehweg Limonigasse als kombinierten Geh- und Radweg freigeben.","bis":"Rosseggerstraße","von":"Kapuzinerstraße"},"type":"Feature"},{"geometry":{"coordinates":[[14.307233,48.296731],[14.307233,48.296731],[14.307072,48.29677],[14.307072,48.29677],[14.30682,48.296908],[14.30682,48.296908],[14.306535,48.297077],[14.306535,48.297077]],"type":"LineString"},"properties":{"Aktualisiert":"2023-01-19T23:36:19.548+0100","Fahrtrichtung":"Norden","Fotos":["LUECKE-123-0.jpg"],"HomepageArtikel":"","Id":"LUECKE-123","Lage":"Franckstraße","Problem":"Der von Süden kommende Einrichtungsradweg endet bei der Kreuzung mit der Liebigstraße. Die Radfahrüberfahrt endet unklar an der gegenüberliegenden Gehsteigkante. Die Radroute wird nur mit Sharrows durch die Bushaltestelle weitergeführt und anschließend kurz als ungeschützter Radfahrstreifen auf der Fahrbahn. Mit neuer StVO ist seit 2022 nach der Radfahrerüberfahrt das Reißverschlusssystem anzuwenden, auf das hingewiesen werden soll.","Titel":"Radweglücke und unklare Markierung bei Radfahrüberfahrt","Typ":"Lücke","Vorschlag":"Bessere Führung der Radfahrüberfahrt - klare Weiterführung mit geschützter Radinfrastruktur","bis":"Franckstraße 9","von":"Liebigstraße"},"type":"Feature"},{"geometry":{"coordinates":[[14.27639,48.251955],[14.27639,48.251955],[14.276294,48.251762],[14.276294,48.251762],[14.27676,48.249941],[14.27676,48.249941],[14.276776,48.249365],[14.276776,48.249365],[14.276524,48.248712],[14.276524,48.248712],[14.276283,48.248105],[14.276283,48.248105],[14.27624,48.24759],[14.27624,48.24759],[14.276272,48.247258],[14.276272,48.247258],[14.276535,48.246743],[14.276535,48.246743],[14.276658,48.246451],[14.276658,48.246451],[14.276385,48.244786],[14.276385,48.244786],[14.276353,48.243868],[14.276353,48.243868],[14.276165,48.239809],[14.276165,48.239809],[14.27617,48.239648],[14.27617,48.239648],[14.276106,48.239566],[14.276106,48.239566],[14.275602,48.239241],[14.275602,48.239241]],"type":"LineString"},"properties":{"Aktualisiert":"2023-01-20T00:22:50.039+0100","Fahrtrichtung":"Beide","Fotos":[],"HomepageArtikel":"https://schauauf.linz.at/meldungen/detail.html?id=/_data/messages/messages/message_0030975","Id":"LUECKE-124","Lage":"Bäckermühlweg","Problem":"Der Verkehr in diesem Bereich ist durch Schwerverkehr und neue Wohnanlagen hoch. Es existiert keine Radinfrastruktur.","Titel":"Bäckermühlweg: Kauttenstraße - Rubensstraße","Typ":"Lücke","Vorschlag":"Errichtung einer Radwegverbindung von Salzburger Straße zum Radweg Rubensstraße","bis":"Rubensstraße","von":"Kauttenstraße / Salzburger Straße (Nebenfahrbahn)"},"type":"Feature"},{"geometry":{"coordinates":[[14.319413,48.302202],[14.319413,48.302202],[14.321601,48.302694],[14.321601,48.302694],[14.322964,48.302937],[14.322964,48.302937]],"type":"LineString"},"properties":{"Aktualisiert":"2023-03-05T22:12:40.051+0100","Fahrtrichtung":"Beide","Fotos":[],"HomepageArtikel":"","Id":"LUECKE-125","Lage":"Prinz-Eugen-Straße","Problem":"Die Zufahrt bis zum Pumptrack und Velodrum muss auf sicherer Radinfrastruktur möglich sein","Titel":"Prinz-Eugen-Straße: Zufahrt Pumptrack - Velodrom","Typ":"Lücke","Vorschlag":"Baulich getrennter Zweirichtungsradweg","bis":"Barbara-Prammer-Straße (Pumptrack)","von":"Industriezeile"},"type":"Feature"},{"geometry":{"coordinates":[[14.300659,48.334193],[14.300659,48.334193],[14.300667,48.334491],[14.300667,48.334491],[14.30068,48.334746],[14.30068,48.334746],[14.300613,48.3348],[14.300613,48.3348]],"type":"LineString"},"properties":{"Aktualisiert":"2023-08-03T09:44:22.648+0200","Fahrtrichtung":"Beide","Fotos":["LUECKE-126-0.jpg","LUECKE-126-1.jpg","LUECKE-126-2.jpg","LUECKE-126-3.jpg"],"HomepageArtikel":"","Id":"LUECKE-126","Lage":"Magdalenastraße","Problem":"Von der Dornacher Straße kommend fehlt ein kurzes Verbindungsstück Richtung Radweg in der Jägerstätterstraße. <br/>Diese Lücke besteht auch in der Gegenrichtung.","Titel":"Magdalenastraße: Dornacher Straße - Jägerstätterstraße","Typ":"Lücke","Vorschlag":"Errichtung von Radinfrastruktur. Richtung Norden sehr einfach möglich.","bis":"Jägerstätterstraße","von":"Dornacher Straße"},"type":"Feature"},{"geometry":{"coordinates":[[14.371051,48.25382],[14.371973,48.253877],[14.37295,48.253927],[14.373486,48.253913],[14.37413,48.253763],[14.374409,48.253634],[14.376951,48.251848],[14.377273,48.251769],[14.377971,48.251762],[14.378411,48.251698]],"type":"LineString"},"properties":{"Aktualisiert":"2024-01-22T20:58:13.800+0100","Fahrtrichtung":"Beide","Fotos":["LUECKE-127-0.jpg"],"HomepageArtikel":"","Id":"LUECKE-127","Lage":"Heliosallee","Problem":"Hier fehlt Radinfrastruktur. Auch wenn in diesem Gebiet noch einiges an Bautätigkeit in Planung ist, wäre es wünschenswert, dass Radinfrastruktur mit Beginn der Straßenerschließung errichtet wird.","Titel":"Heliosallee: Auhirschgasse bis Bremenstraße","Typ":"Lücke","Vorschlag":"Errichtung von Radinfrastruktur","bis":"Bremenstraße","von":"Auhirschgasse"},"type":"Feature"},{"geometry":{"coordinates":[[14.28448,48.326411],[14.284635,48.326825],[14.284823,48.327078],[14.28508,48.327364],[14.285397,48.32767],[14.28625,48.328302],[14.287033,48.329022],[14.287521,48.329546],[14.287736,48.329735],[14.288106,48.330181],[14.288524,48.330684],[14.288954,48.331169],[14.28957,48.331829],[14.290102,48.332382]],"type":"LineString"},"properties":{"Aktualisiert":"2024-02-02T22:19:50.239+0100","Fahrtrichtung":"Nord","Fotos":["LUECKE-128-0.jpg","LUECKE-128-1.jpg"],"HomepageArtikel":"","Id":"LUECKE-128","Lage":"Leonfeldner Straße (B126)","Problem":"Auf der Leonfeldner Straße Richtung Norden existiert zwar ein Radfahrstreifen. Für ein sicheres Fahren ist aber die Geschwindigkeit der direkt daneben fahrenden Kfz aufgrund der 2-spurigen Bundesstraße zu hoch: Autos und Schwerverkehr rasen oft mit ungenügend Abstand sehr knapp am Radfahrstreifen vorbei.<br/>Als Alternative kann über eine Nebenfahrbahn gefahren werden, allerdings parken hier viele Autos, es gibt mehrere Kreuzungssituationen und die Ausfahrt bei Gründberg ist ebenfalls gefährlich.","Titel":"Leonfeldner Straße: Harbach - Gründberg","Typ":"Lücke","Vorschlag":"Der Radfahrstreifen an der B126 sollte in einen baulich getrennten Radweg umgebaut werden. Diese Strecke liegt auf einer zukünftigen Hauptradroute von Linz über den Haselgraben Richtung Mühlviertel.","bis":"Gründberg","von":"Harbach"},"type":"Feature"},{"geometry":{"coordinates":[[14.320958,48.335627],[14.32129,48.335841],[14.321687,48.336026],[14.322095,48.336133],[14.322599,48.33634],[14.32276,48.336576],[14.322835,48.336996],[14.322964,48.33746],[14.323103,48.337688],[14.323382,48.337695],[14.323779,48.337638],[14.324219,48.337481],[14.324938,48.337175],[14.325947,48.336854],[14.326344,48.336896],[14.326805,48.336982],[14.327084,48.337232],[14.327352,48.337588],[14.327738,48.338244],[14.327985,48.338744],[14.328157,48.339407],[14.328296,48.340141],[14.328382,48.340377],[14.329165,48.341311],[14.329959,48.34221],[14.330335,48.342516],[14.332427,48.343486],[14.333553,48.344142],[14.334358,48.344506],[14.334862,48.344755]],"type":"LineString"},"properties":{"Aktualisiert":"2024-06-09T21:25:01.592+0200","Fahrtrichtung":"beide","Fotos":[],"HomepageArtikel":"","Id":"LUECKE-129","Lage":"Altenberger Straße","Problem":"An der Altenberger Straße gibt es im Bereich der Universität keine Radinfrastruktur. Weiter Richtung Norden ist die Altenberger Straße ansteigend, es gibt einen getrennten Gehweg, aber keinen Radweg. Ebenso im Bereich des neu geplanten Kreisverkehrs und Richtung Autobahnanschluss Auhof.","Titel":"Altenberger Straße: Universität bis Kalkgruberweg","Typ":"Lücke","Vorschlag":"Errichtung von Radinfrastruktur. Im Norden: Verbreiterung des bestehenden Gehsteigs in einen kombinierten Geh- und Radweg.","bis":"Kalkgruberweg","von":"Universität"},"type":"Feature"},{"geometry":{"coordinates":[[14.294128,48.306726],[14.2942,48.306762],[14.294262,48.306783]],"type":"LineString"},"properties":{"Aktualisiert":"2024-08-16T11:06:03.502+0200","Fahrtrichtung":"beide","Fotos":["LUECKE-130-0.jpg"],"HomepageArtikel":"","Id":"LUECKE-130","Lage":"Lederergasse","Problem":"Hier fehlt eine Radfahrerüberfahrt und auch ein Schutzweg für den Fußverkehr.","Titel":"Lederergasse: Fehlende Radfahrerüberfahrt Kaisergasse","Typ":"Lücke","Vorschlag":"Errichtung Radfahrerüberfahrt. Ein modaler Filter (Durchfahrtssperre Kfz) in der Lederergasse weiter westlich (nach Quergasse, im Bereich Fahrradstraße) würde diese Kreuzung ebenfalls sicherer machen (dann gäbe es keinen Kfz-Verkehr Richtung Osten mehr).","bis":"","von":"Kreuzung Kaisergasse (neben Lidl)"},"type":"Feature"},{"geometry":{"coordinates":[[14.315781,48.329752],[14.316202,48.329723],[14.31668,48.329694],[14.317189,48.329639],[14.317388,48.329632],[14.317433,48.329662]],"type":"LineString"},"properties":{"Aktualisiert":"2025-11-10T20:05:15.371+0100","Fahrtrichtung":"beide","Fotos":[],"HomepageArtikel":"","Id":"LUECKE-131","Lage":"Freistädter Straße","Problem":"Der nördliche Radweg entlang der Freistädter Straße ist westlich der Kreuzung mit der Altenberger Straße lückenhaft. Es muss auf die Fahrbahn gewechselt werden und über eine Seitenstraße gefahren werden.","Titel":"Freistädter Straße: Lücke Nordseite, vor Altenberger Straße ","Typ":"Lücke","Vorschlag":"Ausbau des Gehwegs zu einem kombiniertem Geh- und Radweg um die Lücke zu schließen.","bis":"","von":""},"type":"Feature"},{"geometry":{"coordinates":[[14.30205344617,48.31604899957],[14.30210709035,48.31617029278],[14.3025684303,48.31654130552],[14.30311560094,48.31690874817],[14.30358230531,48.31713349334],[14.30435478151,48.31740104583],[14.30539547861,48.31770783762]],"type":"LineString"},"properties":{"Aktualisiert":"2022-12-20T23:48:25.368+0100","Fahrtrichtung":"Beide Richtungen","Fotos":[],"HomepageArtikel":"","Id":"LUECKE-15","Lage":"Hafenstraße","Problem":"Stark befahrene Hafenstraße.","Titel":"Hafenstraße: Petzoldstraße - Lindemayrstr","Typ":"Lücke","Vorschlag":"Kombinierten Geh- und Radweg auf der Südseite der Hafenstraße zwischen Petzoldstraße und Lindemayrstraße errichten","bis":"Lindemayrstr","von":"Petzoldstraße"},"type":"Feature"},{"geometry":{"coordinates":[[14.30042265773,48.30347932291],[14.30577634692,48.30548468525],[14.3096065414,48.30744715217],[14.31202052951,48.3087030914],[14.31429504275,48.3098234202]],"type":"LineString"},"properties":{"Aktualisiert":"2023-01-13T00:01:33.043+0100","Fahrtrichtung":"Beide Richtungen","Fotos":["LUECKE-18-0.jpg"],"HomepageArtikel":"","Id":"LUECKE-18","Lage":"Weißenwolfstr./Derfflingerstr.","Problem":"Eine stark befahrene Straße ohne jegliche Radinfrastruktur.","Titel":"Weißenwolfstr./Derfflingerstr.: Gruberstraße - Industriezeile","Typ":"Lücke","Vorschlag":"Im ersten Schritt Radinfrastruktur von Industriezeile bis Petzoldstraße (Lückenschluss dieser Radwege entlang der Nordseite der Derfflingerstraße).","bis":"Industriezeile","von":"Gruberstraße"},"type":"Feature"},{"geometry":{"coordinates":[[14.28542375028,48.29350843028],[14.28645371854,48.29310155953],[14.28743540704,48.29272680728]],"type":"LineString"},"properties":{"Aktualisiert":"2022-12-21T00:01:40.385+0100","Fahrtrichtung":"Süd","Fotos":[],"HomepageArtikel":"","Id":"LUECKE-19","Lage":"Beethovenstr.","Problem":"","Titel":"Beethovenstr.: Stockhofstraße - Weingartshofstraße","Typ":"Lücke","Vorschlag":"Einbahn für Radfahrende öffnen","bis":"Figulystraße","von":"Stockhofstraße"},"type":"Feature"},{"geometry":{"coordinates":[[14.29106712073,48.30377191982],[14.29224461049,48.30413767029],[14.29235458106,48.30415194342],[14.29341405362,48.30405203139]],"type":"LineString"},"properties":{"Aktualisiert":"2022-12-20T23:45:17.559+0100","Fahrtrichtung":"Osten","Fotos":[],"HomepageArtikel":"","Id":"LUECKE-20","Lage":"Betlehemstraße","Problem":"","Titel":"Betlehemstraße: Dametzstraße - Fadingerstraße","Typ":"Lücke","Vorschlag":"Einbahn für Radfahrende öffnen","bis":"Fadingerstraße","von":"Dametzstraße"},"type":"Feature"},{"geometry":{"coordinates":[[14.3130451414,48.33193595325],[14.3129526072,48.33193951825],[14.31287683479,48.33194174722]],"type":"LineString"},"properties":{"Aktualisiert":"2022-12-20T23:40:05.107+0100","Fahrtrichtung":"Westen (St. Magdalena)","Fotos":[],"HomepageArtikel":"","Id":"LUECKE-24","Lage":"Kreuzung Johann-Wilhelm-Kleinstraße / Dornacher Straße","Problem":"Hier fehlt eine Radfahrerüberfahrt, um definiert über die Kreuzung in die Dornacherstraße Richtung St. Magdalena weiterzufahren.","Titel":"Fehlende Radfahrerüberfahrt Kreuzung Joh-Wilh-Kleinstraße / Dornacher Straße","Typ":"Lücke","Vorschlag":"Radfahrerüberfahrt errichten","bis":"Dornacher Straße","von":"Geh- und Radweg nördlich der Straßenbahn (ungefähr Tschernemblweg)"},"type":"Feature"},{"geometry":{"coordinates":[[14.29911373973,48.30972351927],[14.29885624766,48.31012312183],[14.29854511142,48.31045850013],[14.29816960216,48.31077246931],[14.29766534686,48.31115779247],[14.29711817622,48.31158592592],[14.29661392093,48.31197124294]],"type":"LineString"},"properties":{"Aktualisiert":"2022-12-20T23:57:58.853+0100","Fahrtrichtung":"Nord","Fotos":[],"HomepageArtikel":"","Id":"LUECKE-25","Lage":"Gruberstraße","Problem":"","Titel":"Gruberstraße: Lederergasse - Untere Donaulände","Typ":"Lücke","Vorschlag":"Radweg Richtung Norden errichten. Direkte Radfahrerüberfahrt über Kreuzung mit Unterer Donaulände (Ostseite) errichten.","bis":"Untere  Donaulände","von":"Lederergasse"},"type":"Feature"},{"geometry":{"coordinates":[[14.28403571114,48.30958614893],[14.28389221296,48.30975829998],[14.28359046444,48.3101855532],[14.28344294295,48.31042995114],[14.28336247668,48.31061101892],[14.28328201041,48.31075284004]],"type":"LineString"},"properties":{"Aktualisiert":"2022-12-20T23:47:14.377+0100","Fahrtrichtung":"Nord","Fotos":["LUECKE-28-0.jpg"],"HomepageArtikel":"https://www.youtube.com/watch?v=riRHtgoCHjQ","Id":"LUECKE-28","Lage":"AEC-Donautor Hauptstr.","Problem":"Radfahrende müssen hier zwischen zu schnellen Autos und tonnenschweren LKWs im einem äußerst gefährlichen Mischverkehr mitfahren. Sogar die Linzer Verkehrsplanung meint zu dieser Fahrbahn: \"Das Befahren der Fahrbahn ist nicht möglich, da laut RVS 03.02.13 bei einem Mischverkehr von 50 km/h und einer Verkehrsstärke über 10.000 Kfz/24h kein Mischverkehr erlaubt ist.\"","Titel":"AEC-Donautor Hauptstr.: Nibelungenbrücke - Friedrichstraße","Typ":"Lücke","Vorschlag":"Als Sofortmaßnahme ist möglich: Tempo-Schutz von 30 km/h und farbliche Markierung eines Radfahrstreifens. Bauliche Veränderung: Sichere Radinfrastruktur errichten. ","bis":"Friedrichstraße","von":"Nibelungenbrücke"},"type":"Feature"},{"geometry":{"coordinates":[[14.28901053898,48.32005731685],[14.28911648624,48.32016031882],[14.28927540712,48.32026019932]],"type":"LineString"},"properties":{"Aktualisiert":"2023-01-16T20:44:33.750+0100","Fahrtrichtung":"Westen","Fotos":["LUECKE-3-0.jpg"],"HomepageArtikel":"","Id":"LUECKE-3","Lage":"Kreuzung Freistädter Straße / Linke Brückenstraße","Problem":"Radfahrende, die von Osten am Radweg Freistädter Straße kommen, können die Kreuzung Richtung Westen nicht queren.","Titel":"Fehlende Radfahrerüberfahrt über Kreuzung Freistädter Straße / Linke Brückenstraße","Typ":"Lücke","Vorschlag":"Zweirichtungsradfahrerüberfahrt im Norden der Kreuzung markieren / baulich einrichten und damit gleichzeitig auch die Fahrtrichtung von Norden (Linke Brückenstraße) Richtung Osten ermöglichen.","bis":"Ecke Nord-West","von":"Ecke Nord-Ost"},"type":"Feature"},{"geometry":{"coordinates":[[14.28207635343,48.31257775102],[14.28218364179,48.31241006911],[14.28229093015,48.31216032907],[14.28243576944,48.31185707167],[14.28262352407,48.31157165129],[14.28275763452,48.3114003983]],"type":"LineString"},"properties":{"Aktualisiert":"2022-12-20T23:57:39.638+0100","Fahrtrichtung":"Süd","Fotos":[],"HomepageArtikel":"","Id":"LUECKE-30","Lage":"Hauptstraße","Problem":"Im südlichen Bereich der Hauptstraße können Radfahrende von Norden kommend derzeit aufgrund der Einbahnregelung nicht zufahren (z.B. zu Geschäften), obwohl dies bis zum Hinsenkampplatz ohne Gefährdung möglich ist.","Titel":"Hauptstraße: Kaarstraße - Hinsenkampplatz","Typ":"Lücke","Vorschlag":"Radfahren gegen die Einbahn bis zum Hinsenkampplatz freigeben","bis":"Hinsenkampplatz / Rudolfstraße","von":"Kaarstraße"},"type":"Feature"},{"geometry":{"coordinates":[[14.30199979663,48.29047467037],[14.30336235881,48.29046039341],[14.30560468554,48.29047467037],[14.3077933681,48.29071737808],[14.31011079669,48.29098149987],[14.31236385226,48.29124562029],[14.31285737872,48.29135269575],[14.31534646869,48.2920808029]],"type":"LineString"},"properties":{"Aktualisiert":"2022-12-20T23:54:09.389+0100","Fahrtrichtung":"Beide Richtungen","Fotos":[],"HomepageArtikel":"","Id":"LUECKE-33","Lage":"Raimund-/Füchselstraße","Problem":"","Titel":"Raimund-/Füchselstraße: Makartstraße - Franckstraße","Typ":"Lücke","Vorschlag":"MZS","bis":"Franckstraße","von":"Makartstraße"},"type":"Feature"},{"geometry":{"coordinates":[[14.31442378879,48.30985909906],[14.31408046603,48.31068684154],[14.31390880466,48.31104362295],[14.31358693957,48.31149316398],[14.313297261,48.31199264936],[14.31294320941,48.31277754508],[14.31190251231,48.31239223415],[14.3110656631,48.31207827493]],"type":"LineString"},"properties":{"Aktualisiert":"2022-12-20T23:52:45.041+0100","Fahrtrichtung":"Beide Richtungen","Fotos":[],"HomepageArtikel":"","Id":"LUECKE-34","Lage":"Industriezeile","Problem":"Die gesamte Industriezeile ist aktuell eine „Wüste“ für den Radverkehr - mit zum überwiegenden Teil extrem breiten KFZ-Fahrbahnen aber ohne jegliche Radweginfrastruktur. Hohe Verkehrsdichte.","Titel":"Industriezeile: Posthof - Derfflingerstr.","Typ":"Lücke","Vorschlag":"RFS/RW","bis":"Derfflingerstraße","von":"Posthof"},"type":"Feature"},{"geometry":{"coordinates":[[14.28337789804,48.32350621042],[14.28326792948,48.32352315199],[14.28316265077,48.32353831278]],"type":"LineString"},"properties":{"Aktualisiert":"2022-12-20T23:48:10.280+0100","Fahrtrichtung":"Osten","Fotos":[],"HomepageArtikel":"","Id":"LUECKE-36","Lage":"Leonfeldner Straße - Linke Brückenstraße","Problem":"Hier fehlt eine Radfahrerüberfahrt: Von Norden kommend (auf der Leonfeldner Straße) Richtung Linke Brückenstraße","Titel":"Fehlende Radfahrerüberfahrt bei Kreuzung Leonfeldner Straße - Linke Brückenstraße","Typ":"Lücke","Vorschlag":"","bis":"Linke Brückenstraße","von":"Leonfeldner Straße"},"type":"Feature"},{"geometry":{"coordinates":[[14.3128500127,48.33177412895],[14.31260324948,48.33173891121],[14.31224316292,48.33171216355],[14.31163899533,48.33178081586],[14.31022882394,48.3321878241],[14.30934570663,48.33245440605],[14.30884681575,48.33261934736]],"type":"LineString"},"properties":{"Aktualisiert":"2022-12-20T23:40:49.278+0100","Fahrtrichtung":"Dornach","Fotos":[],"HomepageArtikel":"","Id":"LUECKE-41","Lage":"Dornacherstraße","Problem":"","Titel":"Dornacherstraße: Glaserstraße - J.-W.-Kleinstraße","Typ":"Lücke","Vorschlag":"","bis":"J.-W.-Kleinstraße","von":"Glaserstraße"},"type":"Feature"},{"geometry":{"coordinates":[[14.31918739736,48.28524189357],[14.31948244035,48.28495275473],[14.31977211893,48.28456366407],[14.31998133123,48.28423882464],[14.31992768705,48.28395324982],[14.31975602567,48.28356415154],[14.31975602567,48.28342493218],[14.31999742448,48.28329999139],[14.32035147607,48.28321074779],[14.3204480356,48.28308580649],[14.32054459512,48.28248251417],[14.32068943441,48.28196132099],[14.32105421484,48.28082610099],[14.32115613878,48.28046910836],[14.32126342714,48.28001215415],[14.32141899526,48.27948736575],[14.32153164804,48.27911608363],[14.32160674989,48.27892330146],[14.32177841127,48.27871266827],[14.32192861497,48.2785448751],[14.32204126775,48.27819143662],[14.32214855611,48.27782728533],[14.32211636961,48.27761664761],[14.3221431917,48.27745599114],[14.32227193773,48.27719536957],[14.32235776842,48.2769276063],[14.32250797212,48.27646347997],[14.32269036233,48.27585296892],[14.32274400651,48.27564232307],[14.32280837953,48.27520674752]],"type":"LineString"},"properties":{"Aktualisiert":"2024-01-22T22:19:52.663+0100","Fahrtrichtung":"Beide Richtungen","Fotos":["LUECKE-42-0.jpg"],"HomepageArtikel":"","Id":"LUECKE-42","Lage":"Stahlstraße (Voestgelände)","Problem":"Hier ist eine Radroute (Wegweiser), die teils auf einem nur als Gehweg gewidmetem Weg geführt wird, teils auf einem kombinierten Geh- und Radweg, der viel zu schmal ist. Manche Übergänge sind auch nicht radfreundlich ausgelegt.","Titel":"Stahlstraße (Voestgelände): Aigengutstraße - Turmstraße","Typ":"Lücke","Vorschlag":"RFS","bis":"Turmstraße","von":"Aigengutstraße"},"type":"Feature"},{"geometry":{"coordinates":[[14.31424140394,48.2770311416],[14.3144398874,48.27716680822],[14.3150621599,48.27727034304],[14.31601165652,48.27738816183],[14.31623696208,48.27734531996],[14.31647299647,48.27721679414],[14.31659101367,48.27700972409],[14.31668757856,48.27670625427],[14.31694507062,48.27593508487],[14.31704163015,48.27563518251],[14.31704163015,48.27537812195],[14.31698798597,48.27463906563],[14.31703626573,48.27446768872]],"type":"LineString"},"properties":{"Aktualisiert":"2022-12-20T23:51:12.307+0100","Fahrtrichtung":"Beide Richtungen","Fotos":[],"HomepageArtikel":"","Id":"LUECKE-43","Lage":"Turmstraße","Problem":"Der Radverbindung ist hier gerade an den Stellen unterbrochen, wo sie am meisten benötigt wird. Durch schlechte Sichtbeziehungen und hohes Tempo der Autos entsteht hier ein sehr unangenehmes Gefühl","Titel":"Turmstraße: Wienerstraße - Umfahrung Ebelsberg","Typ":"Lücke","Vorschlag":"RFS/RW","bis":"Umfahrung Ebelsberg","von":"Wienerstraße"},"type":"Feature"},{"geometry":{"coordinates":[[14.30117636651,48.33349085407],[14.30091619223,48.33375475455],[14.30076598853,48.33394198041],[14.30068820447,48.33406858037],[14.3006667468,48.33414347034]],"type":"LineString"},"properties":{"Aktualisiert":"2022-12-20T23:51:50.662+0100","Fahrtrichtung":"stadtauswärts","Fotos":[],"HomepageArtikel":"","Id":"LUECKE-46","Lage":"Pulvermühlstraße","Problem":"","Titel":"Pulvermühlstraße: Einfahrt Biesenfeldbad - Kreuzung St. Magdalena","Typ":"Lücke","Vorschlag":"Vorhandenen Radstreifen bis zur Kreuzung verlängern ","bis":"Kreuzung St. Magdalena","von":"Einfahrt Biesenfeldbad"},"type":"Feature"},{"geometry":{"coordinates":[[14.2917859447,48.28389970793],[14.29277299762,48.28477070707],[14.29344891429,48.28534898519],[14.29421066165,48.28628421124],[14.2950099653,48.28731222266],[14.2957126987,48.28823313875],[14.29644225955,48.28916831199],[14.29735421062,48.29030334659]],"type":"LineString"},"properties":{"Aktualisiert":"2023-01-05T11:15:12.091+0100","Fahrtrichtung":"Beide Richtungen","Fotos":[],"HomepageArtikel":"","Id":"LUECKE-47","Lage":"Unionstraße","Problem":"Diese von der Verkehrsplanung als \"Hauptachse des motorisierten Individualverkehrs\" bezeichnete mehrspurige Straße ist auch für Radfahrende eine wichtige direkte Verbindung. Es existiert praktisch keine Radinfrastruktur.","Titel":"Unionstraße: Hanuschstraße - Wienerstraße","Typ":"Lücke","Vorschlag":"Errichtung von sicherer, baulich getrennter Radinfrastruktur, etwa in Form kombinierter Geh- und Radwege (deutliche Verbreiterung gegenüber bestehenden Gehsteigen nötig.)","bis":"Wienerstraße","von":"Hanuschstraße"},"type":"Feature"},{"geometry":{"coordinates":[[14.29254769742,48.2717362917],[14.29258524835,48.27130425343],[14.29260134161,48.27085792908],[14.29262279928,48.2701616553],[14.29264962137,48.26955463965]],"type":"LineString"},"properties":{"Aktualisiert":"2022-12-20T23:55:12.161+0100","Fahrtrichtung":"Beide Richtungen","Fotos":[],"HomepageArtikel":"","Id":"LUECKE-48","Lage":"Am Bindermichl","Problem":"","Titel":"Am Bindermichl: Stadlerstraße - Werndlstraße","Typ":"Lücke","Vorschlag":"MZS","bis":"Werndlstraße","von":"Stadlerstraße"},"type":"Feature"},{"geometry":{"coordinates":[[14.28840636134,48.25332679981],[14.28856729388,48.25389114666],[14.28843854785,48.25418403308],[14.28788064837,48.25483409206],[14.28743003726,48.25550557288],[14.28735493541,48.25575559008]],"type":"LineString"},"properties":{"Aktualisiert":"2022-12-20T23:43:55.655+0100","Fahrtrichtung":"Beide Richtungen","Fotos":[],"HomepageArtikel":"","Id":"LUECKE-50","Lage":"Laskahofstraße","Problem":"","Titel":"Laskahofstraße: Dauphinestraße - Landwiedstraße","Typ":"Lücke","Vorschlag":"Kombinierten Geh- und Radweg (Zweirichtungsverbindung) errichten und dabei auch die Querung der Salzburger Straße zur Landwiedstraße sicher ausführen.","bis":"Landwiedstraße","von":"Dauphinestraße"},"type":"Feature"},{"geometry":{"coordinates":[[14.28400753856,48.2975626881],[14.2839324367,48.29787673661],[14.28346036792,48.29837635527],[14.28289173961,48.29887596903],[14.28277372241,48.29913291135]],"type":"LineString"},"properties":{"Aktualisiert":"2023-01-12T23:38:50.689+0100","Fahrtrichtung":"Nord","Fotos":[],"HomepageArtikel":"","Id":"LUECKE-51","Lage":"Hopfengasse","Problem":"","Titel":"Hopfengasse: Kroatengasse - Stifterstraße","Typ":"Lücke","Vorschlag":"MZS","bis":"Stifterstraße","von":"Kroatengasse"},"type":"Feature"},{"geometry":{"coordinates":[[14.28261815965,48.29912933915],[14.28272008359,48.29889024007],[14.28361057699,48.29808728722],[14.28381978929,48.29784461454],[14.28388952672,48.29753413457]],"type":"LineString"},"properties":{"Aktualisiert":"2022-12-20T23:48:43.755+0100","Fahrtrichtung":"Süd","Fotos":[],"HomepageArtikel":"","Id":"LUECKE-52","Lage":"Hopfengasse","Problem":"","Titel":"Hopfengasse: Roseggerstraße - Wurmstraße","Typ":"Lücke","Vorschlag":"MZS","bis":"Wurmstraße","von":"Roseggerstraße"},"type":"Feature"},{"geometry":{"coordinates":[[14.30285006493,48.28558278795],[14.30282324284,48.28577197542],[14.30287152261,48.28582194935]],"type":"LineString"},"properties":{"Aktualisiert":"2023-01-17T00:30:55.834+0100","Fahrtrichtung":"Nord","Fotos":[],"HomepageArtikel":"","Id":"LUECKE-53","Lage":"Gürtelstraße","Problem":"Hier besteht ein kurze Lücke in einer wichtigen Radwegverbindung.","Titel":"Gürtelstraße: Bulgariplatz - Gürtelstraße","Typ":"Lücke","Vorschlag":"Errichtung eines geschützter Radweges (Neuverteilung des öffentlichen Platzes notwendig, z.B. Reduktion einer Kfz-Fahrspur von Norden kommend vor Ampel, Reduktion Parkplätze vor Tankstelle und Bulgariplatz 7)","bis":"Gürtelstraße","von":"Bulgariplatz"},"type":"Feature"},{"geometry":{"coordinates":[[14.2932558006,48.30071378831],[14.29351865709,48.30087794014],[14.29475783765,48.30117769429],[14.29644226491,48.30160591146],[14.2978960222,48.30198416698],[14.29958044946,48.30243378781]],"type":"LineString"},"properties":{"Aktualisiert":"2022-12-20T23:53:38.601+0100","Fahrtrichtung":"Ost","Fotos":[],"HomepageArtikel":"","Id":"LUECKE-57","Lage":"Volksfeststraße","Problem":"","Titel":"Volksfeststraße: Dametzstraße - Eisenhandstraße","Typ":"Lücke","Vorschlag":"Hier sollte die Einbahn für Radfahrende geöffnet werden.","bis":"Eisenhandstraße","von":"Dametzstraße"},"type":"Feature"},{"geometry":{"coordinates":[[14.30060639843,48.3341657581],[14.29967701301,48.33421746776],[14.29835199237,48.33435031407],[14.29758086666,48.33430573066],[14.29573818907,48.33405877245],[14.29487183556,48.3339045344],[14.29349182963,48.33360141249],[14.29119585872,48.33308787362],[14.29061650157,48.33308787362]],"type":"LineString"},"properties":{"Aktualisiert":"2022-12-20T23:40:28.221+0100","Fahrtrichtung":"Beide Richtungen","Fotos":[],"HomepageArtikel":"","Id":"LUECKE-58","Lage":"Ferd. Marklstraße","Problem":"","Titel":"Ferd. Marklstraße: Magdalenakreuzung - Gründberg","Typ":"Lücke","Vorschlag":"","bis":"Gründberg","von":"Magdalenakreuzung"},"type":"Feature"},{"geometry":{"coordinates":[[14.28626060218,48.31286138015],[14.285552499,48.3125206661],[14.28458690375,48.31209075663],[14.28373396128,48.31183387954],[14.28318410844,48.31162694983],[14.28278177708,48.31143072261],[14.28271472186,48.31133617649],[14.28266375989,48.31118097778],[14.28266107768,48.3110525371]],"type":"LineString"},"properties":{"Aktualisiert":"2023-01-05T21:51:41.718+0100","Fahrtrichtung":"Westen (Hinsenkampplatz)","Fotos":["LUECKE-59-0.jpg"],"HomepageArtikel":"","Id":"LUECKE-59","Lage":"Ferihumerstraße","Problem":"Für Radfahrende, die von Ferihumerstraße oder Wildbergstraße kommen und über die Nibelungenbrücke fahren wollen, befindet sich hier bis zur Hauptstraße eine gefährliche Lücke, wo bei teils hoher Verkehrsdichte und mehreren Fahrspuren im Mischverkehr gefahren werden muss. Auf einem Teilstück existiert zwar eine für RadfahrerInnen freigegebene Busspur, diese ist aber meistens zum Parken freigeben.","Titel":"Ferihumerstraße: Wildbergstraße - Hauptstraße (Hinsenkampplatz)","Typ":"Lücke","Vorschlag":"Errichtung von sicherer Radinfrastruktur. Auf einem Teilstück könnte einfach das zeitweise Parken auf der Busspur aufgelöst werden.","bis":"Hauptstraße","von":"Wildbergstraße"},"type":"Feature"},{"geometry":{"coordinates":[[14.28947925031,48.32020491147],[14.28991913259,48.32052952209],[14.29028391302,48.32074354995],[14.29056822717,48.32089693602],[14.290873999,48.32098968087],[14.29168402612,48.3212358106],[14.29233848512,48.32141059766],[14.29274618089,48.32150334157]],"type":"LineString"},"properties":{"Aktualisiert":"2022-12-20T23:44:42.318+0100","Fahrtrichtung":"Osten (stadtauswärts)","Fotos":["LUECKE-60-0.jpg","LUECKE-60-1.jpg"],"HomepageArtikel":"","Id":"LUECKE-60","Lage":"Freistädter Straße","Problem":"Trotz sehr hoher Verkehrsdichte und mehreren Fahrstreifen existiert hier Richtung Osten (stadtauswärts) keine Radinfrastruktur.","Titel":"Freistädterstraße: Linke Brückenstraße - Autobahnauffahrt","Typ":"Lücke","Vorschlag":"Errichtung von sicherer, getrennter Radinfrastruktur. Der nördliche Radweg sollte in einen nicht benutzungspflichtigen Zweirichtungsradweg umgebaut und entsprechend weitergeführt werden. Querungen an Kreuzungen sind entsprechend zu ermöglichen.","bis":"Autobahnauffahrt","von":"Linke Brückenstraße"},"type":"Feature"},{"geometry":{"coordinates":[[14.29215341538,48.30590929277],[14.29147213429,48.30574337303],[14.29033219546,48.30546327075],[14.29030269116,48.30543472521],[14.29039120406,48.30528842905],[14.29035365313,48.30522420134],[14.29030805558,48.30518138282],[14.29007202119,48.30511893908]],"type":"LineString"},"properties":{"Aktualisiert":"2022-12-20T23:49:53.960+0100","Fahrtrichtung":"West","Fotos":[],"HomepageArtikel":"","Id":"LUECKE-62","Lage":"Museumstraße","Problem":"Hier besteht für Radfahrende ein Lücke in der Radinfrastruktur.","Titel":"Museumstraße: Prunerstraße - Graben","Typ":"Lücke","Vorschlag":"Mehrzweckstreifen markieren, und damit auf Radfahrende im Mischverkehr aufmerksam machen. Der Streifen soll auch noch bis in Bereich Graben markiert werden.","bis":"Graben","von":"Prunerstraße"},"type":"Feature"},{"geometry":{"coordinates":[[14.28955971658,48.3066264898],[14.28943633497,48.30695118682],[14.28944169939,48.30746142081],[14.28944169939,48.30792526548],[14.28953289449,48.30827493021]],"type":"LineString"},"properties":{"Aktualisiert":"2022-12-20T23:51:32.236+0100","Fahrtrichtung":"Nord","Fotos":[],"HomepageArtikel":"","Id":"LUECKE-63","Lage":"Rechte Donaustraße","Problem":"","Titel":"Rechte Donaustraße: Pfarrplatz - Untere Donaulände","Typ":"Lücke","Vorschlag":"Fahren gegen die Einbahn mit einem baulich abgetrennten Radweg ermöglichen.","bis":"Untere Donaulände","von":"Pfarrplatz"},"type":"Feature"},{"geometry":{"coordinates":[[14.29962872386,48.30144533402],[14.29696797252,48.30076731971],[14.29533718944,48.3003533697],[14.29388879657,48.29999651355],[14.2913997066,48.29934702896]],"type":"LineString"},"properties":{"Aktualisiert":"2022-12-20T23:57:06.834+0100","Fahrtrichtung":"West","Fotos":[],"HomepageArtikel":"","Id":"LUECKE-65","Lage":"Bismarckstraße / Lustenauer Straße","Problem":"","Titel":"Bismarckstraße / Lustenauer Straße: Landstraße - Kantstraße","Typ":"Lücke","Vorschlag":"Hier sollte die Einbahn für Radfahrende geöffnet werden.","bis":"Kantstraße","von":"Landstraße"},"type":"Feature"},{"geometry":{"coordinates":[[14.30182813525,48.30003933642],[14.30160282969,48.29994655349],[14.30140971065,48.29991800486],[14.30120586276,48.29967534088],[14.29811595798,48.29890451824],[14.2950582397,48.29809799691],[14.29357766032,48.2977197126],[14.29175375819,48.29725577519]],"type":"LineString"},"properties":{"Aktualisiert":"2022-12-20T23:54:57.953+0100","Fahrtrichtung":"West","Fotos":[],"HomepageArtikel":"","Id":"LUECKE-68","Lage":"Schillerstraße","Problem":"","Titel":"Schillerstraße: Landstraße - Khevenhüllerstraße","Typ":"Lücke","Vorschlag":"Hier sollte die Einbahn für Radfahrende geöffnet werden.","bis":"Khevenhüllerstraße","von":"Landstraße"},"type":"Feature"},{"geometry":{"coordinates":[[14.28412087195,48.30660641605],[14.28411282532,48.30653951391],[14.28404979341,48.30644362069]],"type":"LineString"},"properties":{"Aktualisiert":"2023-09-01T17:55:41.793+0200","Fahrtrichtung":"Beide Richtungen","Fotos":[],"HomepageArtikel":"","Id":"LUECKE-69","Lage":"Obere Donaulände)","Problem":"Vom Radweg neben der Donau kommend Richtung Altstadt müssen mehrere Fahrbahnen der Oberen Donaulände gequert werden - teilweise mit Ampelregelungen. Es existieren durchgehend Zebrastreifen, aber daneben nur teilweise Radfahrerüberfahrten.","Titel":"Fehlende Radfahrerüberfahrt Richtung Altstadt","Typ":"Lücke","Vorschlag":"Markierung von Radfahrerüberfahrten neben den Zebrastreifen an den fehlenden Stellen.","bis":"Altstadt (Hofberg)","von":"Radweg entlang der Donau bzw.  von Nibelungenbrücke abfahrend"},"type":"Feature"},{"geometry":{"coordinates":[[14.297451,48.290339],[14.296045,48.291824],[14.294736,48.293223],[14.294168,48.293823],[14.294082,48.294058]],"type":"LineString"},"properties":{"Aktualisiert":"2023-01-16T23:08:32.920+0100","Fahrtrichtung":"Beide Richtungen","Fotos":[],"HomepageArtikel":"","Id":"LUECKE-70","Lage":"Wienerstraße","Problem":"Zwischen Unionkreuzung und Musiktheater gibt es keine Radinfrastruktur. (Im nördlichen Bereich bei der ÖBB-Unterführung gibt es zwar einen nicht-benutzungspflichtigen kombinierten Geh- und Radweg, der jedoch die Anforderungen für eine schnelle Radroute nicht erfüllt).","Titel":"Wienerstraße: Unionkreuzung - Musiktheater","Typ":"Lücke","Vorschlag":"Errichtung von sicherer Radinfrastruktur.","bis":"Musiktheater","von":"Unionkreuzung"},"type":"Feature"},{"geometry":{"coordinates":[[14.28048848033,48.31553172002],[14.28222655177,48.31668757298],[14.28335307956,48.31755087818],[14.28454398036,48.31834995757],[14.28486584544,48.31846411074],[14.28632496715,48.31878516518],[14.28726910472,48.31902773831],[14.28806303859,48.31934165476],[14.28853510737,48.31958422524],[14.28900852732,48.31990482004],[14.28916744821,48.32001272719]],"type":"LineString"},"properties":{"Aktualisiert":"2022-12-20T23:54:30.754+0100","Fahrtrichtung":"Beide Richtungen","Fotos":[],"HomepageArtikel":"","Id":"LUECKE-71","Lage":"Freistädterstraße","Problem":"Auf dieser Ost-West-Achse herrscht hohe Verkehrsdichte, aber es ist keinerlei Radinfrastruktur auf vorhanden.","Titel":"Freistädterstraße: Hauptstraße - Linke Brückenstr.","Typ":"Lücke","Vorschlag":"RWS","bis":"Linke Brückenstr.","von":"Hauptstraße"},"type":"Feature"},{"geometry":{"coordinates":[[14.32788043946,48.32772749762],[14.32802796096,48.32770788112],[14.32867437333,48.32773998084],[14.32923495501,48.32777208053],[14.32959168881,48.32778813038],[14.32981431216,48.32777208053],[14.33047681779,48.32769004794],[14.33117687434,48.32762049846],[14.33136999339,48.32761871513],[14.33206468552,48.32767578138],[14.33259844512,48.32771501439],[14.33280765742,48.32772393098],[14.33337360352,48.3277060978],[14.33452427119,48.32766151483]],"type":"LineString"},"properties":{"Aktualisiert":"2022-12-20T23:56:27.246+0100","Fahrtrichtung":"Beide Richtungen","Fotos":[],"HomepageArtikel":"","Id":"LUECKE-72","Lage":"Freistädter Straße","Problem":"Bei hohe Verkehrsdichte müssen Radfahrende nach Radweg-Ende auf der Freistädter Straße im gefährlichen Mischverkehr mitfahren. Oft überholen Autofahrende ohne Sicherheitsabstand gefährlich knapp.","Titel":"Freistädter Straße: Eibenweg - Mauthausener Straße","Typ":"Lücke","Vorschlag":"Radinfrastruktur errichten. Deutliche Markierungen (Sharrows mittig in der Fahrbahn!) und Hinweisschilder, dass Radfahrende im Mischverkehr mitfahren.","bis":"Mauthausener Straße","von":"Eibenweg"},"type":"Feature"},{"geometry":{"coordinates":[[14.28596824139,48.30685663062],[14.28592800826,48.30691907223],[14.28704380721,48.30736151347],[14.287041125,48.30742930655],[14.28700357407,48.30748996344],[14.28693651885,48.30751850783],[14.28688019246,48.30757559657]],"type":"LineString"},"properties":{"Aktualisiert":"2022-12-20T23:50:21.497+0100","Fahrtrichtung":"Brucknerhaus","Fotos":[],"HomepageArtikel":"","Id":"LUECKE-73","Lage":"Hauptplatz - Untere Donaulände","Problem":"Es gibt keine Radwegverbindung vom Hauptplatz zum Radweg entlang der Unteren Donaulände.","Titel":"Hauptplatz - Untere Donaulände: Hauptplatz - Rechte Donaustraße","Typ":"Lücke","Vorschlag":"Eine Möglichkeit: Zweirichtungsradweg baulich neben Rampe errichten.","bis":"Rechte Donaustraße","von":"Hauptplatz"},"type":"Feature"},{"geometry":{"coordinates":[[14.30495023459,48.31775956218],[14.30515140027,48.31778631716],[14.30522918433,48.31762578705],[14.30547594756,48.31768643182],[14.30551349849,48.31762043604]],"type":"LineString"},"properties":{"Aktualisiert":"2022-12-20T23:52:27.971+0100","Fahrtrichtung":"Beide Richtungen","Fotos":["LUECKE-74-0.jpg","LUECKE-74-1.jpg","LUECKE-74-2.jpg","LUECKE-74-3.jpg","LUECKE-74-4.jpg","LUECKE-74-5.jpg","LUECKE-74-6.jpg"],"HomepageArtikel":"https://www.youtube.com/watch?v=Yjhwh83-61k","Id":"LUECKE-74","Lage":"Voestbrücke (ostseitiger Radweg)","Problem":"Der ostseitige Radweg über die Autobahn endet hier vor der Hafenstraße, mit mehreren Fahrstreifen und hoher Verkehrsdichte. Es ist keine sichere Querung Richtung Gallanderstraße möglich. Auch für FußgängerInnen existiert nur ein extrem schmaler Gehsteig, der zu einem Zebrastreifen in einiger Entfernung führt.","Titel":"Fehlende Querungsmöglichkeit Hafenstraße","Typ":"Lücke","Vorschlag":"Errichtung von sicherer Querungsmöglichkeit über Hafenstraße.","bis":"Gallanderstraße","von":"Mündung Hafenstraße"},"type":"Feature"},{"geometry":{"coordinates":[[14.3032121551,48.29901157764],[14.30403827548,48.29939698961],[14.30578707576,48.30003219928],[14.30881260753,48.30037478099],[14.31135534167,48.3006745381],[14.31464909434,48.30106707451],[14.31649445415,48.30147388179],[14.31917666316,48.30215902356]],"type":"LineString"},"properties":{"Aktualisiert":"2022-12-20T23:48:58.514+0100","Fahrtrichtung":"Beide Richtungen","Fotos":[],"HomepageArtikel":"","Id":"LUECKE-76","Lage":"Goethestraße / Prinz-Eugen-Straße","Problem":"Auf dieser für Radfahrende wichtigen und direkten Ost-West-Verbindung herrscht hohe Verkehrsdichte. Es gibt keine sichere Radinfrastruktur.","Titel":"Goethestraße / Prinz-Eugen-Straße: Europaplatz - Industriezeile","Typ":"Lücke","Vorschlag":"RFS","bis":"Industriezeile","von":"Europaplatz"},"type":"Feature"},{"geometry":{"coordinates":[[14.29861754045,48.32382723223],[14.29860949382,48.3239395897],[14.29851829872,48.32394048143],[14.29839759931,48.32396634144],[14.29805829987,48.32413131021],[14.29796710476,48.3241812466],[14.29792150721,48.3242249409],[14.297918825,48.32424099185]],"type":"LineString"},"properties":{"Aktualisiert":"2024-01-22T10:17:14.551+0100","Fahrtrichtung":"Beide Richtungen","Fotos":["LUECKE-77-0.jpg","LUECKE-77-1.jpg","LUECKE-77-2.jpg","LUECKE-77-3.jpg","LUECKE-77-4.jpg","LUECKE-77-5.jpg","LUECKE-77-6.jpg","LUECKE-77-7.jpg","LUECKE-77-8.jpg"],"HomepageArtikel":"","Id":"LUECKE-77","Lage":"Verbindung Radweg Donaudamm zur Linzerstr.","Problem":"Die Querung der Freistädter Straße in diesem Bereich ist aufgrund hoher Verkehrsdichte und hoher Geschwindigkeiten sehr gefährlich und zu Stoßzeiten unmöglich. Es existiert zwar eine Unterführung, die ist aber nur als Gehweg ausgeführt und gewidmet. Das Rad darf nur geschoben werden, die Unterführung ist sehr eng.<br/>Oft ist die Unterführung überschwemmt, da der angrenzende Bach höher als der Weg ist. Überlaufendes Wasser wird von einer Pumpe abgepumpt, diese ist aber häufig defekt.","Titel":"Fehlende Querungsmöglichkeit der Freistädter Straße","Typ":"Lücke","Vorschlag":"Geh- und Radwegunterführung einrichten. Gehweg-Brücke über den Bach verbreitern.","bis":"Linzer Straße","von":"Unterführung Autobahn"},"type":"Feature"},{"geometry":{"coordinates":[[14.34556959987,48.28934677822],[14.34535502315,48.28939674866],[14.344775666,48.29085300836],[14.3445074451,48.29155256933],[14.34414266467,48.29229495009],[14.34353112102,48.29209507941]],"type":"LineString"},"properties":{"Aktualisiert":"2022-12-21T00:00:55.628+0100","Fahrtrichtung":"Beide Richtungen","Fotos":[],"HomepageArtikel":"","Id":"LUECKE-78","Lage":"Donauradweg bei Steyregger Brücke","Problem":"Radfahrende von der Brücke, die Richtung Norden wollen, müssen einen Umweg von über einen Kilometer Richtung Süden machen, denn nur dort kann das Sammelgerinne (künstlicher Bach neben Donauradweg) gequert werden.","Titel":"Fehlende Querung des Sammelgerinnes: Donauradweg - Steyregger Brücke Radweg","Typ":"Lücke","Vorschlag":"Anschluss des Donauradwegs mit einer bodennahen Querung über das Sammelgerinne zum Radweg auf die Steyregger Brücke. Die Querung wird in der Nähe der Ortschaft Windegg vorgeschlagen, um doppelten Nutzen zu erreichen.","bis":"Brückenradweg","von":"Donauradweg"},"type":"Feature"},{"geometry":{"coordinates":[[14.28990839839,48.28966801587],[14.29250478208,48.28845443727],[14.2950099653,48.28731222266]],"type":"LineString"},"properties":{"Aktualisiert":"2023-01-18T12:20:46.299+0100","Fahrtrichtung":"Beide Richtungen","Fotos":["LUECKE-80-0.jpg"],"HomepageArtikel":"","Id":"LUECKE-80","Lage":"Hauptbahnhof","Problem":"Das Gelände des Linzer Hauptbahnhofes hat mit rund 0,5 km² eine Fläche<br/>von einem Fünftel der Fläche der Linzer Innenstadt (2,5 km²).<br/>Während in der Linzer Innenstadt alle 100 - 200 m Querungsmöglichkeiten<br/>existieren, ist eine Querung am Bahnhofsgelände auf einer Breite von 1.400 m<br/>nicht möglich.","Titel":"Fehlender Bahnhofsteg: Kärntnerstraße - Unionstraße","Typ":"Lücke","Vorschlag":"Ein Steg über den Bahnhofsbereich soll die getrennte Stadtteile für FußgängerInnen und RadfahrerInnen wieder zusammenwachsen lassen.","bis":"Unionstraße","von":"Kärntnerstraße"},"type":"Feature"},{"geometry":{"coordinates":[[14.31452033758,48.30974493376],[14.31739566565,48.30460691003],[14.31814668417,48.30349360337],[14.31930539846,48.30216616754],[14.32271716833,48.29875464185],[14.32336089849,48.29741280777]],"type":"LineString"},"properties":{"Aktualisiert":"2022-12-21T00:01:26.382+0100","Fahrtrichtung":"Beide Richtungen","Fotos":[],"HomepageArtikel":"","Id":"LUECKE-81","Lage":"Industriezeile","Problem":"Die gesamte Industriezeile ist aktuell eine „Wüste“ für den Radverkehr - mit zum überwiegenden Teil extrem breiten KFZ-Fahrbahnen aber ohne jegliche Radweginfrastruktur. Hohe Verkehrsdichte.","Titel":"Industriezeile: Derfflingerstraße - Schachermayer","Typ":"Lücke","Vorschlag":"RFS/RW","bis":"Schachermayerstraße","von":"Derfflingerstr."},"type":"Feature"},{"geometry":{"coordinates":[[14.29635643423,48.32347678502],[14.2968606922,48.32380404822],[14.29718255728,48.32388608707],[14.29775386781,48.32397525958],[14.29815351695,48.32398239337]],"type":"LineString"},"properties":{"Aktualisiert":"2022-12-20T23:53:06.554+0100","Fahrtrichtung":"Osten","Fotos":["LUECKE-82-0.jpg","LUECKE-82-1.jpg","LUECKE-82-2.jpg","LUECKE-82-3.jpg","LUECKE-82-4.jpg","LUECKE-82-5.jpg","LUECKE-82-6.jpg","LUECKE-82-7.jpg"],"HomepageArtikel":"","Id":"LUECKE-82","Lage":"Freistädter Straße","Problem":"Der nicht abgetrennte Radstreifen direkt entlang der Autobahnabfahrt und dann entlang der Freistädter Straße ist eine gefährliche Stelle. Er wird von Pkw und Lkw ständig befahren. Pkw und Lkw sind viel zu schnell unterwegs, die LenkerInnen haben den Blick Richtung Freistädter Straße (zum Links-Einordnen). Wenn das Einordnen nicht gelingt weichen Pkw und Lkw nach rechts  auf den Radstreifen aus.<br/>Der Radstreifen befindet sich auch in einem schlechten Zustand. Im Sommer wachsen Stauden von der Böschung in den Radweg.","Titel":"Gefährlicher Radstreifen entlang Autobahnausfahrt","Typ":"Lücke","Vorschlag":"Baulich getrennten Radweg errichten","bis":"Unterführung Linzer Straße","von":"Haltestelle Urnenhain/Autobahnabfahrt"},"type":"Feature"},{"geometry":{"coordinates":[[14.30731057048,48.29665621905],[14.30788992763,48.29739852561],[14.30816887736,48.29788387406],[14.3084478271,48.29846914105],[14.30865167499,48.29911149954],[14.30874823451,48.2996539293],[14.30880187869,48.30028913578]],"type":"LineString"},"properties":{"Aktualisiert":"2023-01-03T00:21:38.355+0100","Fahrtrichtung":"Beide","Fotos":[],"HomepageArtikel":"","Id":"LUECKE-83","Lage":"Liebigstraße","Problem":"Diese wichtige Verlängerung der Lastenstraße in Richtung Krankenhausviertel und Prinz-Eugen-Straße ist eine breite Straße ohne jegliche Radinfrastruktur.","Titel":" Liebigstraße: Franckstraße - Prinz-Eugen-Straße ","Typ":"Lücke","Vorschlag":"Errichtung von sicherer Radinfrastruktur.","bis":"Prinz-Eugen-Straße","von":"Franckstraße"},"type":"Feature"},{"geometry":{"coordinates":[[14.28756415308,48.28927181891],[14.28764461935,48.29011060307],[14.28767680585,48.29031762002],[14.28871213853,48.2904568206],[14.28927003801,48.29059245157],[14.28953825891,48.29066026692]],"type":"LineString"},"properties":{"Aktualisiert":"2022-12-20T23:58:27.612+0100","Fahrtrichtung":"beide","Fotos":[],"HomepageArtikel":"","Id":"LUECKE-84","Lage":"Bahnhofsspinne","Problem":"Der 2019 neu errichtete Radweg in der Waldeggstraße ist über die verschiedenen Fahrbahnen und Kreuzungen im Bereich der \"Waldegg-Spinne\" noch immer nicht vollständig an das Linzer Radwegenetz angebunden.","Titel":"Fehlende Anbindung des Radwegs Waldeggstraße an die Radwege im Bereich des Hauptbahnhofs","Typ":"Lücke","Vorschlag":"Errichtung eines kombinierten Geh- und Radwegs auf Bahnhofsseite. Errichtung eines Radfahrstreifens auf Fahrbahn stadtauswärts.","bis":"Kärntner Straße / Bahnhof","von":"Waldeggstraße"},"type":"Feature"},{"geometry":{"coordinates":[[14.30591582179,48.28911120267],[14.30533646464,48.2912884505],[14.30560468554,48.29248054359]],"type":"LineString"},"properties":{"Aktualisiert":"2022-12-20T23:59:35.636+0100","Fahrtrichtung":"beide","Fotos":[],"HomepageArtikel":"","Id":"LUECKE-85","Lage":"Lastenstraße","Problem":"Hier fehlt eine direkte Radwegverbindung. Stattdessen müssen Radfahrende im Mischverkehr (Tempo 50) fahren.","Titel":"Lastenstrasse: Gürtelstraße - Hamerlingstraße","Typ":"Lücke","Vorschlag":"Radweg errichten","bis":"Hamerlingstraße","von":"Gürtelstraße"},"type":"Feature"},{"geometry":{"coordinates":[[14.3127715534,48.33193595503],[14.31261598527,48.3319074243],[14.31234239995,48.33187176086],[14.3119990772,48.33187176086],[14.31156992376,48.33193238869],[14.31124269426,48.33201441447],[14.31019663274,48.332328251],[14.30895745218,48.33273480909]],"type":"LineString"},"properties":{"Aktualisiert":"2022-12-20T23:56:50.310+0100","Fahrtrichtung":"Westen (St. Magdalena)","Fotos":[],"HomepageArtikel":"","Id":"LUECKE-87","Lage":"Dornacher Straße","Problem":"Die Dornacher Straße ist in diesem Bereich sehr eng, Radfahrende werden oft von Autofahrenden bedrängt.","Titel":"Dornacherstraße: J.-W.-Kleinstraße - Glaserstraße","Typ":"Lücke","Vorschlag":"","bis":"Glaserstraße","von":"J.-W.-Kleinstraße"},"type":"Feature"},{"geometry":{"coordinates":[[14.29178595006,48.32146767086],[14.29316996992,48.32179584049],[14.29391562402,48.32215967828],[14.29458081186,48.32259485339],[14.29481684625,48.32283027445],[14.29581462801,48.32345805862],[14.29651736677,48.32381831764],[14.29689824045,48.32397526136],[14.29729520738,48.32405016615],[14.29796575963,48.32411080329]],"type":"LineString"},"properties":{"Aktualisiert":"2022-12-20T23:46:12.227+0100","Fahrtrichtung":"Osten (stadtauswärts)","Fotos":[],"HomepageArtikel":"","Id":"LUECKE-88","Lage":"Freistädter Straße","Problem":"Der nördliche Radweg entlang der Freistädter Straße wird teilweise aufgrund hoher Verkehrsdichte und problematischer Querungen als Zweirichtungsradweg genutzt, ist allerdings an einigen Teilstrecken und an Kreuzungen nicht entsprechend ausgebaut und beschildert.","Titel":"Umbau in einen Zweirichtungsradweg","Typ":"Lücke","Vorschlag":"Umbau des bestehenden Radwegs in einen Zweirichtungsradweg, auch an Kreuzungen.","bis":"Linzer Straße","von":"Lindengasse"},"type":"Feature"},{"geometry":{"coordinates":[[14.28272008628,48.2536446868],[14.28259938687,48.25384649384],[14.2824894163,48.25403401294]],"type":"LineString"},"properties":{"Aktualisiert":"2022-12-21T00:01:10.159+0100","Fahrtrichtung":"Beide","Fotos":[],"HomepageArtikel":"","Id":"LUECKE-89","Lage":"Salzburger Straße","Problem":"Die Salzburger Straße trennt hier Viertel, es gibt keine Radinfrastruktur zur Querung auf ca. 1.5 Kilometern Länge.","Titel":"Fehlende Querungsmöglichkeit der Salzburgerstraße: Siemensstraße / Wegscheider Straße","Typ":"Lücke","Vorschlag":"Sichere Radinfrastruktur zur Querung errichten. Anschlüsse an die Radwege beidseitig der Salzburger Straße.","bis":"Wegscheider Straße","von":"Siemensstraße"},"type":"Feature"},{"geometry":{"coordinates":[[14.33455108523,48.32758127072],[14.33450816989,48.32726027164],[14.33460472941,48.3269178704],[14.33450816989,48.32657546685],[14.33459400058,48.32624732797],[14.33493732333,48.32584785169],[14.33628915668,48.32506315704],[14.33651446223,48.32479921157],[14.33664320827,48.32436405527],[14.33655737758,48.32391462764],[14.33544157863,48.32275180445]],"type":"LineString"},"properties":{"Aktualisiert":"2023-01-06T11:36:30.969+0100","Fahrtrichtung":"Beide","Fotos":["LUECKE-90-0.jpg","LUECKE-90-1.jpg","LUECKE-90-2.jpg"],"HomepageArtikel":"","Id":"LUECKE-90","Lage":"Katzbach","Problem":"Von Katzbach und von der B125 (Mittertreffling) ist es schwer, Richtung Donauradweg zu kommen. Es gibt einen Treppelweg, dessen Befahrbarkeit aber teils sehr schlecht ist.","Titel":"Freistädter Straße - Pleschinger See: Fehlender Radweg entlang Katzbachs","Typ":"Lücke","Vorschlag":"Ausbau des bestehenden Treppelwegs","bis":"Seeweg","von":"Freistädter Straße"},"type":"Feature"},{"geometry":{"coordinates":[[14.29601579838,48.32065347688],[14.29604999654,48.32061513022],[14.2960392677,48.32055761018]],"type":"LineString"},"properties":{"Aktualisiert":"2022-12-20T23:43:10.030+0100","Fahrtrichtung":"Beide","Fotos":[],"HomepageArtikel":"https://www.radlobby.at/oberoesterreich/fehlplanungen-a7-bypassbruecke","Id":"LUECKE-91","Lage":"Voest-Brücke (westseitige Radwegrampe Urfahraner Seite)","Problem":"Die westseitige Rampe ist auf Urfahraner Seite nur ein Halbanschluss Richtung Pleschinger See. Es gibt jedoch auch die wichtige Relation Richtung Urfahr Zentrum.","Titel":"Öffnung der Radweg-Rampe Richung Westen","Typ":"Lücke","Vorschlag":"Öffnen der Rampe mit einer kleinen Seitenrampe Richtung Westen.","bis":"Naturfreundeweg","von":"Rampe"},"type":"Feature"},{"geometry":{"coordinates":[[14.28256183594,48.25398043612],[14.28402363986,48.25434654324],[14.28544252843,48.25472693469],[14.28642153472,48.25505196176],[14.28729593486,48.25540377445]],"type":"LineString"},"properties":{"Aktualisiert":"2022-12-20T23:46:53.064+0100","Fahrtrichtung":"Osten","Fotos":[],"HomepageArtikel":"","Id":"LUECKE-92","Lage":"Salzburger Straße","Problem":"Die Radroute neben der Salzburger Straße ist in diesem Bereich streckenweise entweder nur ein Einrichtungsradweg bzw. eine Einbahn.","Titel":"Salzburger Straße: Teilstück der Radroute ist nur in eine Richtung befahrbar","Typ":"Lücke","Vorschlag":"Die Radroute soll hier in beide Richtungen führen.","bis":"Landwiedstraße","von":"Wegscheider Straße"},"type":"Feature"},{"geometry":{"coordinates":[[14.28731202811,48.25541806121],[14.28757488459,48.25557164361],[14.28757488459,48.25565914966],[14.28773581713,48.25567165051],[14.28793698281,48.25574486972],[14.28893476456,48.25630204663],[14.29018467396,48.25701279554],[14.29181813926,48.25790746794],[14.29273277253,48.25853426502]],"type":"LineString"},"properties":{"Aktualisiert":"2022-12-20T23:47:51.098+0100","Fahrtrichtung":"Osten","Fotos":[],"HomepageArtikel":"","Id":"LUECKE-93","Lage":"Salzburger Straße","Problem":"Die Radroute neben der Salzburger Straße ist in diesem Bereich nur ein Einrichtungsradweg.","Titel":"Salzburger Straße: Teilstück der Radroute ist nur in eine Richtung befahrbar","Typ":"Lücke","Vorschlag":"Die Radroute soll hier in beide Richtungen führen.","bis":"Unterführung Höhe \"Im Haidland\"","von":"Landwiedstraße"},"type":"Feature"},{"geometry":{"coordinates":[[14.27917420328,48.25318035078],[14.28088008821,48.25357325227],[14.28243576944,48.2539840097]],"type":"LineString"},"properties":{"Aktualisiert":"2022-12-20T23:49:38.526+0100","Fahrtrichtung":"Osten","Fotos":[],"HomepageArtikel":"","Id":"LUECKE-94","Lage":"","Problem":"Die Radroute neben der Salzburger Straße ist in diesem Bereich auf einer Einbahn geführt.","Titel":"Salzburger Straße: Teilstück der Radroute ist nur in eine Richtung befahrbar","Typ":"Lücke","Vorschlag":"Die Radroute soll hier in beide Richtungen führen.","bis":"Ernst-Fehrer-Straße","von":"Wegscheider Straße"},"type":"Feature"},{"geometry":{"coordinates":[[14.3345396959,48.327660176],[14.33507077329,48.32761648464],[14.3352236592,48.32759062648],[14.33542683654,48.3275460434],[14.33570042185,48.32741942725],[14.33590292662,48.32726561629],[14.33611482114,48.32707658258],[14.33629721135,48.32695888198],[14.3366405341,48.32683048103],[14.33758467168,48.32654692777],[14.33800041407,48.32633827437],[14.33826863497,48.32614388709],[14.33846711576,48.32594058397],[14.33865487039,48.32562314134],[14.33910548151,48.32479207433],[14.33931469381,48.3244603571]],"type":"LineString"},"properties":{"Aktualisiert":"2022-12-21T00:00:40.816+0100","Fahrtrichtung":"Beide","Fotos":[],"HomepageArtikel":"","Id":"LUECKE-99","Lage":"Freistädter Straße","Problem":"Vom Linzer Ortsteil Katzbach Richtung Osten müssen Radfahrende auf der Fahrbahn bei hoher Verkehrsdichte fahren.","Titel":"Freistädter Straße: Katzbach bis Plesching","Typ":"Lücke","Vorschlag":"Errichtung eines Radwegs","bis":"Plesching","von":"Katzbach"},"type":"Feature"},{"geometry":{"coordinates":[[14.29256379336,48.33512059601],[14.29228216141,48.33485313646],[14.29197370738,48.33455001395],[14.2917430374,48.33429324994],[14.29150163859,48.33407214656]],"type":"LineString"},"properties":{"Aktualisiert":"2023-01-05T15:15:25.070+0100","Fahrtrichtung":"Süd","Fotos":["PROB-1-0.jpg","PROB-1-1.jpg"],"HomepageArtikel":"","Id":"PROB-1","Lage":"Leonfeldner Straße","Problem":"","Titel":"Gefahr durch Autotüren auf Radweg","Typ":"Dooring","Vorschlag":"Baulicher Sicherheitsabstand zwischen Parkplätzen und Radweg, Auflassen der Parkplätze","bis":"","von":""},"type":"Feature"},{"geometry":{"coordinates":[[14.30128901929,48.32553040314],[14.30195688933,48.32604580149],[14.30246114463,48.32645062631]],"type":"LineString"},"properties":{"Aktualisiert":"2022-12-20T23:31:47.935+0100","Fahrtrichtung":"Osten","Fotos":["PROB-10-0.jpg","PROB-10-1.jpg","PROB-10-2.jpg"],"HomepageArtikel":"","Id":"PROB-10","Lage":"Freistädter Straße","Problem":"","Titel":"Gefahr durch Autotüren","Typ":"Dooring","Vorschlag":"","bis":"Hauchlhamer Weg","von":"Teichstraße"},"type":"Feature"},{"geometry":{"coordinates":[[14.30235653847,48.32653979434],[14.30177449912,48.326095736],[14.30114954442,48.32562135617]],"type":"LineString"},"properties":{"Aktualisiert":"2022-12-20T23:26:40.435+0100","Fahrtrichtung":"Westen","Fotos":["PROB-11-0.jpg"],"HomepageArtikel":"","Id":"PROB-11","Lage":"Freistädter Straße","Problem":"","Titel":"Gefahr durch Autotüren","Typ":"Dooring","Vorschlag":"","bis":"Sonnbergerstraße","von":"Hauchlhamer Weg"},"type":"Feature"},{"geometry":{"coordinates":[[14.302485,48.285056],[14.302485,48.285056],[14.302394,48.284878],[14.302394,48.284878],[14.30233,48.284735],[14.30233,48.284735]],"type":"LineString"},"properties":{"Aktualisiert":"2024-01-22T22:49:00.915+0100","Fahrtrichtung":"beide","Fotos":["PROB-12-0.jpg"],"HomepageArtikel":"","Id":"PROB-12","Lage":"Bulgariplatz","Problem":"Zweirichtungsradweg quert hier Straßenbahnschienen und wurde vorsorglich für eine Baustelle verlegt. Dadurch enstand eine gefährliche Verschwenkung und Engstelle.<br/>Die Baustelle findet seit über 2 Jahren nicht statt, die Verlegung blieb aufrecht (Stand Jänner 2023)!","Titel":"Engstelle mit Verschwenkung auf Fußgängeraufstellfläche","Typ":"Allgemein","Vorschlag":"","bis":"","von":""},"type":"Feature"},{"geometry":{"coordinates":[[14.28302585945,48.323150407],[14.28300976619,48.32301397078],[14.28298964962,48.32286415805]],"type":"LineString"},"properties":{"Aktualisiert":"2022-12-20T23:21:40.053+0100","Fahrtrichtung":"Süden","Fotos":[],"HomepageArtikel":"","Id":"PROB-16","Lage":"Leonfeldner Straße","Problem":"","Titel":"Gefahr durch Autotüren","Typ":"Dooring","Vorschlag":"","bis":"Hausnummer 51","von":"Hausnummer 53"},"type":"Feature"},{"geometry":{"coordinates":[[14.28309693798,48.32136689828],[14.28309827909,48.32104407653],[14.28310364351,48.32070609246]],"type":"LineString"},"properties":{"Aktualisiert":"2022-12-20T23:28:53.837+0100","Fahrtrichtung":"Süden","Fotos":[],"HomepageArtikel":"","Id":"PROB-17","Lage":"Leonfeldner Straße","Problem":"","Titel":"Gefahr durch Autotüren","Typ":"Dooring","Vorschlag":"","bis":"Hölderlinstraße","von":"Teistlergutstraße"},"type":"Feature"},{"geometry":{"coordinates":[[14.28311571345,48.32007649084],[14.28311705053,48.31903130198],[14.28314923704,48.31778988627]],"type":"LineString"},"properties":{"Aktualisiert":"2022-12-20T23:24:43.547+0100","Fahrtrichtung":"Süden","Fotos":[],"HomepageArtikel":"","Id":"PROB-18","Lage":"Leonfeldner Straße","Problem":"","Titel":"Gefahr durch Autotüren","Typ":"Dooring","Vorschlag":"","bis":"Freistädter Straße","von":"Hausnummer 23a"},"type":"Feature"},{"geometry":{"coordinates":[[14.28326725423,48.31825720435],[14.28324043214,48.31964486411],[14.28324579656,48.3203261948],[14.28323506773,48.32179584049]],"type":"LineString"},"properties":{"Aktualisiert":"2022-12-20T23:15:14.807+0100","Fahrtrichtung":"Norden","Fotos":[],"HomepageArtikel":"","Id":"PROB-19","Lage":"Leonfeldner Straße","Problem":"","Titel":"Gefahr durch Autotüren","Typ":"Dooring","Vorschlag":"","bis":"Ontlstraße","von":"ca. Hausnummer 8"},"type":"Feature"},{"geometry":{"coordinates":[[14.29314851493,48.33684478487],[14.29313778609,48.33658981542],[14.29310828179,48.33637228803]],"type":"LineString"},"properties":{"Aktualisiert":"2023-01-07T21:27:32.509+0100","Fahrtrichtung":"Süden","Fotos":["PROB-2-0.jpg"],"HomepageArtikel":"https://www.radlobby.at/linz/b126-mini-radstreifen","Id":"PROB-2","Lage":"Leonfeldner Straße","Problem":"","Titel":"Gefahr durch Autotüren auf \"Mehrzweckstreifen\"","Typ":"Dooring","Vorschlag":"Entfernung Mehrzweckstreifen, Sharrows auf Fahrbahn, Tempo 30","bis":"Hausnr. 207","von":"Hausnr. 211"},"type":"Feature"},{"geometry":{"coordinates":[[14.28430795401,48.32663787899],[14.28390294045,48.3255411035],[14.28372323245,48.3252700269],[14.2835301134,48.32473678649],[14.2833504054,48.324347999],[14.28312509984,48.32359716706]],"type":"LineString"},"properties":{"Aktualisiert":"2022-12-20T23:23:39.174+0100","Fahrtrichtung":"Süden","Fotos":[],"HomepageArtikel":"","Id":"PROB-20","Lage":"Leonfeldner Straße","Problem":"","Titel":"Gefahr durch Autotüren","Typ":"Dooring","Vorschlag":"","bis":"Weigunystraße","von":"ca. Hausnummer 75a"},"type":"Feature"},{"geometry":{"coordinates":[[14.283573,48.323463],[14.283573,48.323463],[14.283812,48.323408],[14.283812,48.323408],[14.284021,48.323333],[14.284021,48.323333]],"type":"LineString"},"properties":{"Aktualisiert":"2023-01-05T20:12:52.541+0100","Fahrtrichtung":"Süden","Fotos":[],"HomepageArtikel":"","Id":"PROB-21","Lage":"Linke Brückenstraße","Problem":"","Titel":"Gefahr durch Autotüren","Typ":"Dooring","Vorschlag":"","bis":"ca. Hausnummer 63","von":"Leonfeldner Straße"},"type":"Feature"},{"geometry":{"coordinates":[[14.2898252593,48.31961097302],[14.29007738695,48.31948701258],[14.29045960173,48.31929170739]],"type":"LineString"},"properties":{"Aktualisiert":"2022-12-20T23:23:07.396+0100","Fahrtrichtung":"Süden","Fotos":[],"HomepageArtikel":"","Id":"PROB-22","Lage":"Linke Brückenstraße","Problem":"","Titel":"Gefahr durch Autotüren","Typ":"Dooring","Vorschlag":"","bis":"ca. Hausnummer 11","von":"ca. Hausnummer 15"},"type":"Feature"},{"geometry":{"coordinates":[[14.28904339537,48.32038326654],[14.28856864437,48.32066061159],[14.28777739272,48.32111363498],[14.28732007608,48.32139454314],[14.28610101208,48.3221596756],[14.28553640708,48.32255115502]],"type":"LineString"},"properties":{"Aktualisiert":"2023-01-08T00:58:41.770+0100","Fahrtrichtung":"Norden","Fotos":["PROB-23-0.jpg"],"HomepageArtikel":"","Id":"PROB-23","Lage":"Linke Brückenstraße","Problem":"","Titel":"Gefahr durch Autotüren","Typ":"Dooring","Vorschlag":"","bis":"Ontlstraße","von":"Freistädter Straße"},"type":"Feature"},{"geometry":{"coordinates":[[14.28517162666,48.32278925152],[14.28490877017,48.32298811028]],"type":"LineString"},"properties":{"Aktualisiert":"2022-12-20T23:30:12.281+0100","Fahrtrichtung":"Norden","Fotos":[],"HomepageArtikel":"","Id":"PROB-24","Lage":"Linke Brückenstraße","Problem":"","Titel":"Gefahr durch Autotüren (Taxistand)","Typ":"Dooring","Vorschlag":"","bis":"Einfahrt Sonnleitner","von":"Ontlstraße"},"type":"Feature"},{"geometry":{"coordinates":[[14.29313242167,48.32176551878],[14.2928132388,48.32167812593],[14.29264694184,48.32163175415]],"type":"LineString"},"properties":{"Aktualisiert":"2022-12-20T23:28:14.034+0100","Fahrtrichtung":"Westen","Fotos":[],"HomepageArtikel":"","Id":"PROB-25","Lage":"Freistädter Straße","Problem":"","Titel":"Gefahr durch Autotüren","Typ":"Dooring","Vorschlag":"","bis":"ca. Hausnummer 125","von":"Broschgasse"},"type":"Feature"},{"geometry":{"coordinates":[[14.29274081916,48.33505283972],[14.29291784495,48.3353024677],[14.29319411248,48.33609235388],[14.29327726096,48.33657198534],[14.29323971003,48.33664508863]],"type":"LineString"},"properties":{"Aktualisiert":"2022-12-20T23:22:23.317+0100","Fahrtrichtung":"Norden","Fotos":[],"HomepageArtikel":"","Id":"PROB-26","Lage":"Leonfeldner Straße","Problem":"","Titel":"Gefahr durch Autotüren","Typ":"Dooring","Vorschlag":"","bis":"ca. Hausnummer 210","von":"Millsteigerstraße"},"type":"Feature"},{"geometry":{"coordinates":[[14.3105748269,48.29470046976],[14.31086182326,48.29454343598]],"type":"LineString"},"properties":{"Aktualisiert":"2022-12-20T23:24:22.852+0100","Fahrtrichtung":"Süden","Fotos":[],"HomepageArtikel":"","Id":"PROB-27","Lage":"Franckstraße","Problem":"","Titel":"Gefahr durch Autotüren","Typ":"Dooring","Vorschlag":"","bis":"","von":"ca. Hausnummer 32"},"type":"Feature"},{"geometry":{"coordinates":[[14.30462032288,48.33412742249],[14.30540352792,48.33396337761],[14.30600434273,48.33376188698],[14.30698871344,48.33327331346],[14.30775582522,48.33293808513],[14.3082842204,48.33275442186]],"type":"LineString"},"properties":{"Aktualisiert":"2023-01-07T20:00:13.149+0100","Fahrtrichtung":"Osten","Fotos":[],"HomepageArtikel":"","Id":"PROB-28","Lage":"Dornacher Straße","Problem":"","Titel":"Gefahr durch Autotüren","Typ":"Dooring","Vorschlag":"","bis":"Biesenfeldweg","von":"Biesenfeldschule"},"type":"Feature"},{"geometry":{"coordinates":[[14.29325580329,48.30835699225],[14.29309487075,48.30856036724]],"type":"LineString"},"properties":{"Aktualisiert":"2023-10-16T11:05:54.589+0200","Fahrtrichtung":"Norden","Fotos":["PROB-29-0.jpg"],"HomepageArtikel":"","Id":"PROB-29","Lage":"Kaisergasse","Problem":"Hier ist ein Längsparkplatz direkt entlang des Radwegs. Für aussteigende BeifahrerInnen wurde ein Ausstiegsbereich Richtung Fahrbahn freigehalten. Doch aussteigende FahrerInnen öffnen die Türe direkt auf den Radweg.","Titel":"Gefahr durch Autotüren","Typ":"Dooring","Vorschlag":"Parkplatz Richung Fahrbahn verlagern. Kein Ausstiegsbereich für BeifahrerInnen, sondern stattdessen Pufferzone Richung Radweg.","bis":"","von":"vor Haus Fabrikstraße 18"},"type":"Feature"},{"geometry":{"coordinates":[[14.29312973946,48.30499583548],[14.29301440448,48.30547219123]],"type":"LineString"},"properties":{"Aktualisiert":"2022-12-20T23:18:49.040+0100","Fahrtrichtung":"Norden","Fotos":[],"HomepageArtikel":"","Id":"PROB-30","Lage":"Fadingerstraße","Problem":"","Titel":"Gefahr durch Autotüren","Typ":"Dooring","Vorschlag":"","bis":"Landesgericht","von":"Pochestraße"},"type":"Feature"},{"geometry":{"coordinates":[[14.29335236281,48.30413767029],[14.2931699726,48.30492090272]],"type":"LineString"},"properties":{"Aktualisiert":"2023-01-04T23:12:00.848+0100","Fahrtrichtung":"Norden","Fotos":["PROB-31-0.jpg"],"HomepageArtikel":"","Id":"PROB-31","Lage":"Fadingerstraße","Problem":"","Titel":"Gefahr durch Autotüren","Typ":"Dooring","Vorschlag":"","bis":"Pochestraße","von":"Betlehemstraße"},"type":"Feature"},{"geometry":{"coordinates":[[14.29350524873,48.30365773377],[14.29341137141,48.30389502637]],"type":"LineString"},"properties":{"Aktualisiert":"2022-12-20T23:28:34.768+0100","Fahrtrichtung":"Norden","Fotos":[],"HomepageArtikel":"","Id":"PROB-32","Lage":"Fadingerstraße","Problem":"","Titel":"Gefahr durch Autotüren","Typ":"Dooring","Vorschlag":"","bis":"","von":"ca. Hausnummer Fadingerstraße 6"},"type":"Feature"},{"geometry":{"coordinates":[[14.2952835533,48.30033730587],[14.29583072394,48.29942731748],[14.29638594121,48.29845842965],[14.29694384068,48.29749309219],[14.29738640517,48.296732943],[14.29770022362,48.29620118872]],"type":"LineString"},"properties":{"Aktualisiert":"2022-12-20T23:25:04.111+0100","Fahrtrichtung":"Norden","Fotos":[],"HomepageArtikel":"","Id":"PROB-33","Lage":"Schubertstraße","Problem":"","Titel":"Gefahr durch Autotüren","Typ":"Dooring","Vorschlag":"","bis":"Hessenplatz","von":"Blumauerstraße"},"type":"Feature"},{"geometry":{"coordinates":[[14.30191129178,48.28889703678],[14.30192738503,48.28980899751]],"type":"LineString"},"properties":{"Aktualisiert":"2023-01-16T18:27:01.320+0100","Fahrtrichtung":"Norden","Fotos":["PROB-34-0.jpg"],"HomepageArtikel":"","Id":"PROB-34","Lage":"Makartstraße","Problem":"Radweg ist hier schmal am Gehsteig markiert und verläuft in der Türöffnungszone","Titel":"Gefahr durch Autotüren","Typ":"Dooring","Vorschlag":"Parkplätze Richtung überbreiter Straße verlegen, Pufferzone errichten","bis":"","von":"Hausnummer 3 (Berufsschule)"},"type":"Feature"},{"geometry":{"coordinates":[[14.30247321591,48.28547391471],[14.30230826005,48.28582462563],[14.30225059256,48.28606289351],[14.3022331582,48.28630026789],[14.30224656925,48.28668934532]],"type":"LineString"},"properties":{"Aktualisiert":"2023-01-16T23:20:52.425+0100","Fahrtrichtung":"Norden","Fotos":["PROB-35-0.jpg"],"HomepageArtikel":"","Id":"PROB-35","Lage":"Makartstraße","Problem":"Schmaler Radweg neben parkenden Fahrzeugen.","Titel":"Gefahr durch Autotüren","Typ":"Dooring","Vorschlag":"Pufferzone errichten, bei Platzmangel Parkplätze verlegen","bis":"ca. Hausnummer 21","von":"Bulgariplatz"},"type":"Feature"},{"geometry":{"coordinates":[[14.30856,48.296001],[14.30856,48.296001],[14.308357,48.296123],[14.308357,48.296123],[14.308129,48.29624],[14.308129,48.29624]],"type":"LineString"},"properties":{"Aktualisiert":"2023-01-02T22:30:36.718+0100","Fahrtrichtung":"Norden (stadteinwärts)","Fotos":["PROB-36-0.jpg"],"HomepageArtikel":"","Id":"PROB-36","Lage":"Franckstraße","Problem":"Wenige Parkplätze führen dazu, dass der Radweg hier verschwenkt und verengt wird, und sich im Türöffnungsbereich der parkenden Fahrzeuge befindet.","Titel":"Gefahr durch Autotüren auf Radweg","Typ":"Dooring","Vorschlag":"3 Parkplätze auflösen","bis":"Ausfahrt Tankstelle","von":"Hittmairstraße"},"type":"Feature"},{"geometry":{"coordinates":[[14.300444,48.303522],[14.300444,48.303522],[14.300348,48.304232],[14.300348,48.304232],[14.300246,48.304939],[14.300246,48.304939]],"type":"LineString"},"properties":{"Aktualisiert":"2023-01-02T22:26:39.960+0100","Fahrtrichtung":"Norden (Richtung Parkbad)","Fotos":["PROB-38-0.jpg"],"HomepageArtikel":"","Id":"PROB-38","Lage":"Gruberstraße","Problem":"Parkplätze zu knapp am Radweg, dadurch besteht Gefahr durch öffnende Autotüren","Titel":"Gefahr durch Autotüren auf Radweg","Typ":"Dooring","Vorschlag":"Parkplätze auflösen oder Pufferzone einrichten","bis":"Körnerstraße","von":"Weißenwolffstraße"},"type":"Feature"},{"geometry":{"coordinates":[[14.311484,48.275848],[14.311484,48.275848],[14.311538,48.275691],[14.311538,48.275691],[14.311583,48.275528],[14.311583,48.275528]],"type":"LineString"},"properties":{"Aktualisiert":"2023-01-20T00:03:55.309+0100","Fahrtrichtung":"stadtauswärts","Fotos":[],"HomepageArtikel":"","Id":"PROB-41","Lage":"Wankmüllerhofstraße","Problem":"Der Radweg verläuft hier hinter einer Bushaltestelle mit schlechten Sichtverhältnissen. Durch Mistkübel wird der Weg zusätzlich verschmälert. Durch ein nahe gelegenes religiöses Gebäude entsteht zusätzlicher Fußverkehr.","Titel":"Engstelle mit Verschwenkung bei Bushaltestelle","Typ":"Allgemein","Vorschlag":"Auflassen der Parkspur auf der anderen Straßenseite, Neuverteilung des Platzes.","bis":"Kremplstraße 4","von":"Glimpfingerstraße"},"type":"Feature"},{"geometry":{"coordinates":[[14.293996,48.319031],[14.293996,48.319031],[14.293862,48.318953],[14.293862,48.318953],[14.293733,48.318864],[14.293733,48.318864],[14.293647,48.318835],[14.293647,48.318835]],"type":"LineString"},"properties":{"Aktualisiert":"2023-01-02T20:59:19.497+0100","Fahrtrichtung":"Westen","Fotos":["PROB-42-0.jpg","PROB-42-1.jpg"],"HomepageArtikel":"","Id":"PROB-42","Lage":"Heilhamer Weg (Parkplatz Lindbauer)","Problem":"Der neue benutzungspflichte Radweg entlang des Parkplatzes wird oft von Wohnmobilen und sehr langen Lieferwägen blockiert.","Titel":"Verparkter Radweg","Typ":"Verparkt","Vorschlag":"Poller","bis":"Imbiss","von":"Ruderheim"},"type":"Feature"},{"geometry":{"coordinates":[[14.285786,48.306746],[14.285786,48.306746],[14.285837,48.306655],[14.285837,48.306655],[14.285912,48.306571],[14.285912,48.306571]],"type":"LineString"},"properties":{"Aktualisiert":"2023-01-08T16:34:39.957+0100","Fahrtrichtung":"Süden","Fotos":["PROB-44-0.jpg","PROB-44-1.jpg"],"HomepageArtikel":"https://www.linz.at/Politik/GRSitzungen/GPSearch/ResultDetail?TopId=3834&stext=Gitter&Highlighted=True&Suchbegriff=Gitter&Searchtyp=true&Timetyp=&Grsitzung=&Periode=&Beginn=&Ende=&Person=&Personrole=no&Search=","Id":"PROB-44","Lage":"Einfahrt Hauptplatz","Problem":"Hier wird der Radweg über Gitter geführt, die bei Nässe sehr rutschig sind.","Titel":"Radweg über rutschiges Gitter","Typ":"Allgemein","Vorschlag":"Rutschfeste Gitter einbauen oder Gitter baulich ersetzen","bis":"Hauptplatz","von":"Nibelungenbrücke"},"type":"Feature"},{"geometry":{"coordinates":[[14.300983,48.291551],[14.300865,48.291667],[14.300865,48.291667],[14.300777,48.291745],[14.300777,48.291745]],"type":"LineString"},"properties":{"Aktualisiert":"2023-01-17T00:15:40.549+0100","Fahrtrichtung":"Norden","Fotos":["PROB-46-0.jpg"],"HomepageArtikel":"","Id":"PROB-46","Lage":"Lenaustraße","Problem":"Der Radweg am Gehsteig ist nur ein schmaler Streifen, der bei einem Laternenmasten auf 80 cm verengt wird. Die Führung zur Radfahrerüberfahrt ist unklar (Radstreifen hört einfach auf).","Titel":"Engstelle bei Radstreifen, unklare Führung ","Typ":"Allgemein","Vorschlag":"Radstreifen nach RVS-Mindestmaßen. Klare Radinfrastruktur im Kreuzungsbereich.","bis":"Hamerlingstraße","von":"Lenaustraße 31"},"type":"Feature"},{"geometry":{"coordinates":[[14.292596,48.282793],[14.292596,48.282793],[14.292296,48.283279],[14.292296,48.283279],[14.292017,48.283714],[14.292017,48.283714]],"type":"LineString"},"properties":{"Aktualisiert":"2023-01-16T23:50:56.034+0100","Fahrtrichtung":"Norden","Fotos":[],"HomepageArtikel":"","Id":"PROB-47","Lage":"Hanuschstraße","Problem":"Hier wird der Radfahrstreifen zwischen Parkstreifen und Randstein geführt.","Titel":"Gefährlicher Radweg zwischen Parkstreifen und Randstein","Typ":"Dooring","Vorschlag":"Auflösung Parkstreifen, geschützten Radweg errichten.","bis":"Breitwiesergutstraße","von":"Reuchlinstraße"},"type":"Feature"},{"geometry":{"coordinates":[[14.301166,48.301113],[14.301166,48.301113],[14.30126,48.300937],[14.30126,48.300937],[14.301356,48.300762],[14.301356,48.300762]],"type":"LineString"},"properties":{"Aktualisiert":"2023-08-01T12:28:14.311+0200","Fahrtrichtung":"Süden","Fotos":["PROB-51-0.jpg","PROB-51-1.jpg","PROB-51-2.jpg","PROB-51-3.jpg"],"HomepageArtikel":"https://www.facebook.com/groups/860592327288006/posts/23888371787416734/","Id":"PROB-51","Lage":"Khevenhüllerstraße","Problem":"V.a. morgens wird hier oft der Radweg - eine Radhauptroute - von Lieferanten vollständig blockiert. Update 1.8.2023: Die Stadt Linz hat aufgrund von Beschwerden die Lieferanten kontaktiert. Sollte weiterhin blockiert werden, werden weitere Maßnahmen getroffen.","Titel":"Verparkter Radweg","Typ":"Verparkt","Vorschlag":"Poller entlang der gesamten Problemstelle, gelbe Markierung","bis":"Ca. Schillerstraße","von":"Ausfahrt Garage"},"type":"Feature"},{"geometry":{"coordinates":[[14.301289,48.301335],[14.301289,48.301335],[14.301308,48.301287],[14.301308,48.301287],[14.301337,48.301233],[14.301337,48.301233]],"type":"LineString"},"properties":{"Aktualisiert":"2023-08-01T12:28:45.674+0200","Fahrtrichtung":"Norden","Fotos":["PROB-52-0.jpg","PROB-52-1.jpg"],"HomepageArtikel":"https://www.facebook.com/radlobby.linz/posts/pfbid0Dp9mBW2CkQ9dhYSJ4hL6MfStp16UaKsuB5nBFseHzcB2TwNVm7VPWo1Cd3TNo2vsl","Id":"PROB-52","Lage":"Khevenhüllerstraße","Problem":"Hier halten und parken oft unerlaubt Elterntaxis, die SchülerInnen zur Diesterwegschule bringen - es besteht ein Halte- und Parkverbot. Dadurch wird die Lage v.a. morgens unübersichtlich und gefährlich für RadfahrerInnen und FußgängerInnen. Es besteht Dooring-Gefahr am Radweg direkt neben den unerlaubten Parkplätzen.","Titel":"Verparkter Radweg, dadurch auch Dooring-Gefahr","Typ":"Verparkt","Vorschlag":"Errichtung von Pollern","bis":"Feuerwehrzufahrt Diesterwegschule","von":"Zebrastreifen bei Diesterwegschule"},"type":"Feature"},{"geometry":{"coordinates":[[14.290372,48.291563],[14.290372,48.291563],[14.290174,48.291337],[14.290174,48.291337],[14.289951,48.291069],[14.289951,48.291069]],"type":"LineString"},"properties":{"Aktualisiert":"2023-08-01T12:30:30.226+0200","Fahrtrichtung":"Süden","Fotos":["PROB-53-0.jpg","PROB-53-1.jpg"],"HomepageArtikel":"https://www.youtube.com/shorts/0gOa-YtKACw","Id":"PROB-53","Lage":"Kärntnerstraße","Problem":"Hier müssen RadfahrerInnen die Nebenfahrbahn benutzen (Zufahrt/Parkplatz der Bezirkshauptmannschaft Linz-Land). Die Radpiktogramme wurden zu nahe an den Längsparkplätzen markiert (der RVS widersprechend) - direkt in der Dooring-Zone!","Titel":"Gefahr durch Autotüren","Typ":"Dooring","Vorschlag":"Markierung der Radpiktogramme mittig in der schmalen Nebenfahrbahn","bis":"BH Linz-Land Ausfahrt","von":"BH Linz-Land Zufahrt"},"type":"Feature"},{"geometry":{"coordinates":[[14.28574,48.313921],[14.28574,48.313921],[14.286022,48.314005],[14.286022,48.314005],[14.285893,48.314117],[14.285893,48.314117],[14.285992,48.314158],[14.285992,48.314158]],"type":"LineString"},"properties":{"Aktualisiert":"2023-09-28T22:25:29.542+0200","Fahrtrichtung":"Osten","Fotos":["PROB-54-0.jpg"],"HomepageArtikel":"","Id":"PROB-54","Lage":"Reindlstraße","Problem":"Will man von Westen nach Osten kommend die Wildbergstraße queren, ist dies nicht mit einer Querung möglich. Auf der Ostseite der Wildbergstraße muss an der Ampel wieder zum Rechtsabbiegen gewartet werden.","Titel":"Keine direkte Kreuzungsquerung möglich","Typ":"Allgemein","Vorschlag":"Radfahrerüberfahrt Richtung Norden verlegen, direkte Einfahrt von Wildbergstraße in Reindlstraße Richtung Osten ermöglichen. Eventuell auch durch Rechtsabbiegen bei Rot auf Radweg Wildbergstraße Richtung Norden lösbar.","bis":"","von":""},"type":"Feature"},{"geometry":{"coordinates":[[14.300082,48.306996],[14.300082,48.306996],[14.300058,48.30706],[14.300058,48.30706],[14.300036,48.307128],[14.300036,48.307128]],"type":"LineString"},"properties":{"Aktualisiert":"2023-09-28T22:43:24.634+0200","Fahrtrichtung":"","Fotos":["PROB-55-0.jpg"],"HomepageArtikel":"","Id":"PROB-55","Lage":"Bushaltestelle Kaplanhofstraße - Osten","Problem":"Von der Bushaltestelle gehen sehr oft FußgängerInnen am schmalen Radweg hinter dem Wartehäuschen um zu einem ansonsten unerreichbaren Gehweg zu kommen.","Titel":"Seltsame Gehwegführung - FußgängerInnen auf schmalem Radweg hinter Bushaltestelle","Typ":"Allgemein","Vorschlag":"Gehweg klarer führen, Radweg verbreitern","bis":"","von":""},"type":"Feature"},{"geometry":{"coordinates":[[14.298086,48.313655],[14.298086,48.313655],[14.298076,48.313446],[14.298076,48.313446],[14.298062,48.313202],[14.298062,48.313202]],"type":"LineString"},"properties":{"Aktualisiert":"2023-09-29T00:13:46.163+0200","Fahrtrichtung":"Norden","Fotos":["PROB-56-0.jpg"],"HomepageArtikel":"","Id":"PROB-56","Lage":"Rechte Brückenstraße","Problem":"Hier wurde gegenüber früher Parken erlaubt, dadurch besteht die Gefahr durch Autotüren","Titel":"Gefahr durch Autotüren","Typ":"Dooring","Vorschlag":"Verlegung der Parkplätze, Sicherheitsabstand schaffen","bis":"","von":"Vor Eisarena"},"type":"Feature"},{"geometry":{"coordinates":[[14.305444,48.292363],[14.305444,48.292363],[14.305371,48.292006],[14.305371,48.292006],[14.305291,48.291683],[14.305291,48.291683]],"type":"LineString"},"properties":{"Aktualisiert":"2024-01-13T10:58:06.050+0100","Fahrtrichtung":"Süden","Fotos":["PROB-57-0.jpg"],"HomepageArtikel":"","Id":"PROB-57","Lage":"Lastenstraße","Problem":"Dieser benutzungspflichtige Radweg ist oft durch LKWs des Supermarkts zur Gänze blockiert. Radfahrende und FußgängerInnen müssen an eine unübersichtlichen Stelle auf die Fahrbahn ausweichen.","Titel":"Radweg zur Gänze durch Lieferanten-LKW blockiert","Typ":"Verparkt","Vorschlag":"Lieferantenbereich ändern","bis":"Billa Lieferantenzone","von":"Hamerlingstraße"},"type":"Feature"},{"geometry":{"coordinates":[[14.370533,48.246468],[14.370573,48.246563]],"type":"LineString"},"properties":{"Aktualisiert":"2024-01-22T20:46:16.685+0100","Fahrtrichtung":"Richtung Norden","Fotos":["PROB-59-0.jpg"],"HomepageArtikel":"","Id":"PROB-59","Lage":"Oidener Straße","Problem":"Hier endet der Radweg und es gibt keine Hinweise, wie die Radrouten weiter verlaufen. Weiters wäre eine Markierung für das Einordnen auf der Fahrbahn empfehlenswert (Information der anderen VerkehrsteilnehmerInnen, dass der Radweg hier einmündet).","Titel":"Fehlender Wegweiser bei Radweg-Ende","Typ":"Allgemein","Vorschlag":"Errichtung eines Wegweisers (gem. Richtlinien und Vorschriften für das Straßenwesen - RVS 03.02.13)","bis":"","von":"ca. Hausnummer 90"},"type":"Feature"},{"geometry":{"coordinates":[[14.328613,48.2437],[14.328653,48.243839]],"type":"LineString"},"properties":{"Aktualisiert":"2024-01-22T21:08:02.752+0100","Fahrtrichtung":"Richtung Norden","Fotos":["PROB-60-0.jpg"],"HomepageArtikel":"","Id":"PROB-60","Lage":"Kremsmünsterer Straße","Problem":"Der Radweg endet hinter der Straßenbahnstelle Hauderweg (Richtung Norden). Es gibt keine Kennzeichnung der weiteren Radrouten, z.B. des Verlaufs Richtung Traunbrücke.","Titel":"Fehlender Wegweiser bei Radweg-Ende","Typ":"Allgemein","Vorschlag":"Errichtung eines Wegweisers (gem. Richtlinien und Vorschriften für das Straßenwesen - RVS 03.02.13)","bis":"Kreuzung Marktmühlgasse","von":"Hinter Straßenbahnhaltestelle Hauderweg"},"type":"Feature"},{"geometry":{"coordinates":[[14.317321,48.290965],[14.317385,48.290924]],"type":"LineString"},"properties":{"Aktualisiert":"2024-01-22T22:12:35.899+0100","Fahrtrichtung":"Osten","Fotos":["PROB-62-0.jpg"],"HomepageArtikel":"","Id":"PROB-62","Lage":"Sankt-Peter-Straße","Problem":"Hier befindet sich eine Druckknopf-Ampel und der Schalter ist für RadfahrerInnen ungünstig platziert.","Titel":"Ungünstig platzierte Druckknopf-Ampel","Typ":"Allgemein","Vorschlag":"Platzierung des Schalters 2-3 Meter vor der 90-Grad-Kurve.","bis":"","von":"ca. Kreuzung Fröbelstraße"},"type":"Feature"},{"geometry":{"coordinates":[[14.312283,48.284242],[14.313818,48.284578],[14.314939,48.284867]],"type":"LineString"},"properties":{"Aktualisiert":"2024-01-22T23:25:49.179+0100","Fahrtrichtung":"Beide","Fotos":["PROB-63-0.jpg"],"HomepageArtikel":"","Id":"PROB-63","Lage":"Radweg auf A7-Brücke","Problem":"Der kombinierte Geh- und Radweg auf der A7-Brücke (über der Heizhausstraße / Bahn) ist sehr schmal und beidseitig mit Metallgeländer begrenzt. Bei Gegenverkehr wird es dadurch gefährlich.","Titel":"Kombinierter Geh- und Radweg auf Brücke sehr schmal","Typ":"Allgemein","Vorschlag":"Das sollte nach außen versetzt werden bzw. der Weg bei einer Sanierung verbreitert werden.","bis":"","von":"über Heizhausstraße"},"type":"Feature"},{"geometry":{"coordinates":[[14.285282,48.267601],[14.28522,48.267657],[14.285177,48.267682]],"type":"LineString"},"properties":{"Aktualisiert":"2024-02-02T22:22:55.121+0100","Fahrtrichtung":"Norden","Fotos":["PROB-64-0.jpg"],"HomepageArtikel":"","Id":"PROB-64","Lage":"Landwiedstraße","Problem":"Hier führt die Radfahrerüberfahrt direkt auf den Gehsteig.","Titel":"Radfahrerüberfahrt führt auf Gehsteig","Typ":"Allgemein","Vorschlag":"Die Radfahrerüberfahrt sollte in die weiterführende Fahrbahn münden.","bis":"","von":"bei Stadlerstraße"},"type":"Feature"},{"geometry":{"coordinates":[[14.29347,48.306578],[14.293425,48.306573],[14.293368,48.306568]],"type":"LineString"},"properties":{"Aktualisiert":"2025-04-24T16:27:25.959+0200","Fahrtrichtung":"beide","Fotos":["PROB-65-0.jpg","PROB-65-1.jpg"],"HomepageArtikel":"","Id":"PROB-65","Lage":"Lederergasse","Problem":"In der Fahrradstraße wäre Durchfahrt für Kfz verboten, dies wird allerdings kaum beachten.","Titel":"Fahrradstraße wird von Kfz durchfahren","Typ":"Allgemein","Vorschlag":"Anbringung eines gelben Schildes mit deutlichem Hinweis. Noch besser: Modaler Filter (Durchfahrtssperre Kfz) (vor Quergasse).","bis":"Quergasse","von":"Prunerstraße"},"type":"Feature"},{"geometry":{"coordinates":[[14.3179,48.290841],[14.317656,48.290981],[14.317388,48.291114]],"type":"LineString"},"properties":{"Aktualisiert":"2025-02-12T00:20:15.909+0100","Fahrtrichtung":"Nord","Fotos":["PROB-66-0.jpg","PROB-66-1.jpg"],"HomepageArtikel":"","Id":"PROB-66","Lage":"Franckstraße","Problem":"Im Dezember 2020 wurde in der Franckstraße, an der Bushaltestelle Don Bosco, direkt auf der Hauptradroute aus dem Osten (Steyreggerbrücke) eine neue Radfahrampel installiert. Radfahrende am Radweg sind dadurch dort gezwungen, gemeinsam mit dem Kfz-Verkehr stehen zu bleiben, obwohl es für sie - wenn keine FußgängerInnen queren - keinerlei Kreuzung mit anderen Verkehrsteilnehmern im Fließverkehr gibt.","Titel":"Fehlender Grünpfeil Radampel Franckstraße-Don Bosco","Typ":"Allgemein","Vorschlag":"Grünpfeil: Radfahrer*innen dürfen nach Stop auch bei Rot am Radweg weiterfahren (wenn keine FußgängerInnen queren). Weiters sollte für die FußgängerInnen der Schutzweg über den Radweg verlängert werden.","bis":"","von":"Haltestelle Don Bosco"},"type":"Feature"},{"geometry":{"coordinates":[[14.289246,48.3199],[14.289552,48.319739],[14.28978,48.319631]],"type":"LineString"},"properties":{"Aktualisiert":"2025-02-12T00:46:25.682+0100","Fahrtrichtung":"Süden","Fotos":["PROB-67-0.jpg","PROB-67-1.jpg"],"HomepageArtikel":"","Id":"PROB-67","Lage":"Linke Brückenstraße - Bushaltestelle, vor Bäckerei","Problem":"In Richtung Eisenbahnbrücke ist die Situation am kombinierten Geh- und Radweg für FußgängerInnen und RadfahrerInnen sehr beengt und gefährlich. Es warten auch oft viele Menschen an der Bushaltestelle.\n","Titel":"Kaum Platz für Fuß- und Radverkehr bei Bushaltestelle (kombinierter Geh- und Radweg) ","Typ":"Allgemein","Vorschlag":"Schaffung von mehr Platz für Fuß- und Radverkehr, Prüfung einer Kaphaltestelle, so wie etwa auf der deutlich mehr befahrenen Freistädter Straße, Haltestelle Linie 33 stadtauswärts","bis":"","von":""},"type":"Feature"},{"geometry":{"coordinates":[[14.293068,48.281993],[14.293135,48.282033],[14.293165,48.282051]],"type":"LineString"},"properties":{"Aktualisiert":"2025-11-08T17:31:08.631+0100","Fahrtrichtung":"Unionstraße","Fotos":["PROB-68-0.jpg","PROB-68-1.jpg","PROB-68-2.jpg"],"HomepageArtikel":"","Id":"PROB-68","Lage":"Hanuschstraße","Problem":"Das Abbiegen vom westlichen Radweg in der Hanuschstraße Richtung Hummelhof ist nicht möglich: Der Radweg ist mit hohem Randstein auf dem Niveau des Gehsteigs angelegt, daneben sind Längsparkplätze. Diese Verbindung, die mit Schild als Radroute Richtung Hummelhof ausgeschildert ist, wird dadurch blockiert.<br/>Umgekehrt ist es auch nicht möglich, von der Paracelsusstraße auf den Radweg Richtung Unionstraße zu kommen. ","Titel":"Abbiegen vom Radweg nicht möglich","Typ":"Allgemein","Vorschlag":"Absenken des Radwegs / Abfräsen des Randsteins. Freihalten des Bereichs von parkenden Autos mit Pollern.","bis":"","von":"Paracelsusstraße"},"type":"Feature"},{"geometry":{"coordinates":[[14.301927,48.332738],[14.301927,48.332738],[14.301844,48.332724],[14.301844,48.332724],[14.30175,48.332692],[14.30175,48.332692]],"type":"LineString"},"properties":{"Aktualisiert":"2025-10-21T19:37:34.452+0200","Fahrtrichtung":"beide","Fotos":["PROB-69-0.jpg","PROB-69-1.jpg","PROB-69-2.jpg"],"HomepageArtikel":"","Id":"PROB-69","Lage":"Pulvermühlstraße","Problem":"Das Abbiegen vom östlichen Radweg in der Pulvermühlstraße Richtung Galvanistraße ist nicht möglich: Der Radweg ist von der Fahrbahn getrennt, daneben sind Längsparkplätze. Diese Verbindung wird dadurch blockiert. Ein Stück weiter ist ein Fußgängerquerung und eine Feuerwehrzufahrt ‒ dort ist die Ausfahrt aber einerseits nicht erlaubt bzw. die Straßenquerung aufgrund von Sperrflächen nur gefährlich bzw. umständlich möglich.<br/>Umgekehrt ist es auch nicht einfach möglich, von der Galvanistraße auf den Radweg Richtung Freistädterstraße zu kommen. ","Titel":"Abbiegen vom Radweg nicht möglich","Typ":"Allgemein","Vorschlag":"Ausfahrt/Einfahrt vom Radweg schaffen. Freihalten des Bereichs von parkenden Autos mit Pollern.","bis":"","von":"Galvanistraße"},"type":"Feature"},{"geometry":{"coordinates":[[14.2873093459,48.31541041994],[14.28764730424,48.31574041228],[14.28787260979,48.31597229751]],"type":"LineString"},"properties":{"Aktualisiert":"2023-01-18T12:02:50.710+0100","Fahrtrichtung":"Osten","Fotos":["PROB-9-0.jpg"],"HomepageArtikel":"","Id":"PROB-9","Lage":"Reindlstraße","Problem":"","Titel":"Gefahr durch Autotüren","Typ":"Dooring","Vorschlag":"Entschärfung durch Abstand","bis":"ca. Abzweigung zur Peuerbachstraße","von":"Zufahrt Samariterbund"},"type":"Feature"}],"type":"FeatureCollection"}